event_id,event_name,event_date,event_city,event_state,event_country,event_url
665,UFC Fight Night: Dawson vs. Green,2023-10-07,Las Vegas,Nevada,USA,http://ufcstats.com/event-details/c8a49ff2acb6f3c5
664,UFC Fight Night: Fiziev vs. Gamrot,2023-09-23,Las Vegas,Nevada,USA,http://ufcstats.com/event-details/c945adc22c2bfe8f
663,UFC Fight Night: Grasso vs. Shevchenko 2,2023-09-16,Las Vegas,Nevada,USA,http://ufcstats.com/event-details/8fa2b06572365321
662,UFC 293: Adesanya vs. Strickland,2023-09-09,Sydney,New South Wales,Australia,http://ufcstats.com/event-details/ece280745f8727b8
661,UFC Fight Night: Gane vs. Spivac,2023-09-02,Paris,Ile-de-France,France,http://ufcstats.com/event-details/ef61d9f5176b3200
660,UFC Fight Night: Holloway vs. The Korean Zombie,2023-08-26,Kallang,,Singapore,http://ufcstats.com/event-details/89a407032911e27e
659,UFC 292: Sterling vs. O'Malley,2023-08-19,Boston,Massachusetts,USA,http://ufcstats.com/event-details/2719f300b0439039
658,UFC Fight Night: Luque vs. Dos Anjos,2023-08-12,Las Vegas,Nevada,USA,http://ufcstats.com/event-details/d2fa318f34d0aadc
657,UFC Fight Night: Sandhagen vs. Font,2023-08-05,Nashville,Tennessee,USA,http://ufcstats.com/event-details/6f81b6de2557739a
656,UFC 291: Poirier vs. Gaethje 2,2023-07-29,Salt Lake City,Utah,USA,http://ufcstats.com/event-details/ccd58ff71e260ed5
655,UFC Fight Night: Aspinall vs. Tybura,2023-07-22,London,England,United Kingdom,http://ufcstats.com/event-details/1174782eacde9b0c
654,UFC Fight Night: Holm vs. Bueno Silva,2023-07-15,Las Vegas,Nevada,USA,http://ufcstats.com/event-details/c9885b1b7c7055a0
653,UFC 290: Volkanovski vs. Rodriguez,2023-07-08,Las Vegas,Nevada,USA,http://ufcstats.com/event-details/6085ceb59087514b
652,UFC Fight Night: Strickland vs. Magomedov,2023-07-01,Las Vegas,Nevada,USA,http://ufcstats.com/event-details/e9e1acc96536bb4f
651,UFC Fight Night: Emmett vs. Topuria,2023-06-24,Jacksonville,Florida,USA,http://ufcstats.com/event-details/a780d16cf7eed44d
650,UFC Fight Night: Vettori vs. Cannonier,2023-06-17,Las Vegas,Nevada,USA,http://ufcstats.com/event-details/b9415726dc3ec526
649,UFC 289: Nunes vs. Aldana,2023-06-10,Vancouver,British Columbia,Canada,http://ufcstats.com/event-details/b6c6d1731ff00eeb
648,UFC Fight Night: Kara-France vs. Albazi,2023-06-03,Las Vegas,Nevada,USA,http://ufcstats.com/event-details/7abe471b61725980
647,UFC Fight Night: Dern vs. Hill,2023-05-20,Las Vegas,Nevada,USA,http://ufcstats.com/event-details/6f812143641ceff8
646,UFC Fight Night: Rozenstruik vs. Almeida,2023-05-13,Charlotte,North Carolina,USA,http://ufcstats.com/event-details/901cddcbfa079097
645,UFC 288: Sterling vs. Cejudo,2023-05-06,Newark,New Jersey,USA,http://ufcstats.com/event-details/3c6976f8182d9527
644,UFC Fight Night: Song vs. Simon,2023-04-29,Las Vegas,Nevada,USA,http://ufcstats.com/event-details/51b1e2fd9872005b
643,UFC Fight Night: Pavlovich vs. Blaydes,2023-04-22,Las Vegas,Nevada,USA,http://ufcstats.com/event-details/6fb1ba67bef41b37
642,UFC Fight Night: Holloway vs. Allen,2023-04-15,Kansas City,Missouri,USA,http://ufcstats.com/event-details/15b1b21cd743d652
641,UFC 287: Pereira vs. Adesanya 2,2023-04-08,Miami,Florida,USA,http://ufcstats.com/event-details/3dc3022232b79c7a
640,UFC Fight Night: Vera vs. Sandhagen,2023-03-25,San Antonio,Texas,USA,http://ufcstats.com/event-details/aec273fcb765330d
639,UFC 286: Edwards vs. Usman 3,2023-03-18,London,England,United Kingdom,http://ufcstats.com/event-details/e4bb7e483c4ad318
638,UFC Fight Night: Yan vs. Dvalishvili,2023-03-11,Las Vegas,Nevada,USA,http://ufcstats.com/event-details/35080a7f406f9ab3
637,UFC 285: Jones vs. Gane,2023-03-04,Las Vegas,Nevada,USA,http://ufcstats.com/event-details/1ccff7f0cfdf85eb
636,UFC Fight Night: Muniz vs. Allen,2023-02-25,Las Vegas,Nevada,USA,http://ufcstats.com/event-details/806975e1b4f47b27
635,UFC Fight Night: Andrade vs. Blanchfield,2023-02-18,Las Vegas,Nevada,USA,http://ufcstats.com/event-details/f21a3d68fb9df387
634,UFC 284: Makhachev vs. Volkanovski,2023-02-11,Perth,Western Australia,Australia,http://ufcstats.com/event-details/01dd4cdc2446f665
633,UFC Fight Night: Lewis vs. Spivac,2023-02-04,Las Vegas,Nevada,USA,http://ufcstats.com/event-details/d26394fc0e8e880a
632,UFC 283: Teixeira vs. Hill,2023-01-21,Rio de Janeiro,Rio de Janeiro,Brazil,http://ufcstats.com/event-details/5717efc6f271cd52
631,UFC Fight Night: Strickland vs. Imavov,2023-01-14,Las Vegas,Nevada,USA,http://ufcstats.com/event-details/2e2cdb6e9eb84bb9
630,UFC Fight Night: Cannonier vs. Strickland,2022-12-17,Las Vegas,Nevada,USA,http://ufcstats.com/event-details/56ec58954158966a
629,UFC 282: Blachowicz vs. Ankalaev,2022-12-10,Las Vegas,Nevada,USA,http://ufcstats.com/event-details/f65a0eb902f9476b
628,UFC Fight Night: Thompson vs. Holland,2022-12-03,Orlando,Florida,USA,http://ufcstats.com/event-details/b23388ff8ac6637b
627,UFC Fight Night: Nzechukwu vs. Cutelaba,2022-11-19,Las Vegas,Nevada,USA,http://ufcstats.com/event-details/012fc7cd0779c09a
626,UFC 281: Adesanya vs. Pereira,2022-11-12,New York City,New York,USA,http://ufcstats.com/event-details/b3b6e80b7d5f8f0d
625,UFC Fight Night: Rodriguez vs. Lemos,2022-11-05,Las Vegas,Nevada,USA,http://ufcstats.com/event-details/756f45905fb20cb5
624,UFC Fight Night: Kattar vs. Allen,2022-10-29,Las Vegas,Nevada,USA,http://ufcstats.com/event-details/be5aab761c40ef35
623,UFC 280: Oliveira vs. Makhachev,2022-10-22,Abu Dhabi,Abu Dhabi,United Arab Emirates,http://ufcstats.com/event-details/885e7f70dcac0007
622,UFC Fight Night: Grasso vs. Araujo,2022-10-15,Las Vegas,Nevada,USA,http://ufcstats.com/event-details/49c29e57d4e2be6f
621,UFC Fight Night: Dern vs. Yan,2022-10-01,Las Vegas,Nevada,USA,http://ufcstats.com/event-details/4f670b7972fa0a2e
620,UFC Fight Night: Sandhagen vs. Song,2022-09-17,Las Vegas,Nevada,USA,http://ufcstats.com/event-details/8d477c3fbe001f9d
619,UFC 279: Diaz vs. Ferguson,2022-09-10,Las Vegas,Nevada,USA,http://ufcstats.com/event-details/93bf96be327fcd98
618,UFC Fight Night: Gane vs. Tuivasa,2022-09-03,Paris,Ile-de-France,France,http://ufcstats.com/event-details/00a905a4a4a2b071
617,UFC 278: Usman vs. Edwards,2022-08-20,Salt Lake City,Utah,USA,http://ufcstats.com/event-details/4f853e98886283cf
616,UFC Fight Night: Vera vs. Cruz,2022-08-13,San Diego,California,USA,http://ufcstats.com/event-details/a23e63184c65f5b8
615,UFC Fight Night: Santos vs. Hill,2022-08-06,Las Vegas,Nevada,USA,http://ufcstats.com/event-details/8f6a18831a120817
614,UFC 277: Pena vs. Nunes 2,2022-07-30,Dallas,Texas,USA,http://ufcstats.com/event-details/b0a6124751a56bc4
613,UFC Fight Night: Blaydes vs. Aspinall,2022-07-23,London,England,United Kingdom,http://ufcstats.com/event-details/319c15b8aac5bfde
612,UFC Fight Night: Ortega vs. Rodriguez,2022-07-16,Elmont,New York,USA,http://ufcstats.com/event-details/8fd76e1b49c00ae2
611,UFC Fight Night: Dos Anjos vs. Fiziev,2022-07-09,Las Vegas,Nevada,USA,http://ufcstats.com/event-details/31da66df48c0c1a0
610,UFC 276: Adesanya vs. Cannonier,2022-07-02,Las Vegas,Nevada,USA,http://ufcstats.com/event-details/4a9e305633f3ef47
609,UFC Fight Night: Tsarukyan vs. Gamrot,2022-06-25,Las Vegas,Nevada,USA,http://ufcstats.com/event-details/eb42d4febfafefd1
608,UFC Fight Night: Kattar vs. Emmett,2022-06-18,Austin,Texas,USA,http://ufcstats.com/event-details/a0a680fe2f6cc8e6
607,UFC 275: Teixeira vs. Prochazka,2022-06-11,Kallang,,Singapore,http://ufcstats.com/event-details/3a24769a4855040a
606,UFC Fight Night: Volkov vs. Rozenstruik,2022-06-04,Las Vegas,Nevada,USA,http://ufcstats.com/event-details/57591bbf1623574e
605,UFC Fight Night: Holm vs. Vieira,2022-05-21,Las Vegas,Nevada,USA,http://ufcstats.com/event-details/a6c32678efd4f434
604,UFC Fight Night: Blachowicz vs. Rakic,2022-05-14,Las Vegas,Nevada,USA,http://ufcstats.com/event-details/60ba33c3f555a7a3
603,UFC 274: Oliveira vs. Gaethje,2022-05-07,Phoenix,Arizona,USA,http://ufcstats.com/event-details/253d3f9e97ca149a
602,UFC Fight Night: Font vs. Vera,2022-04-30,Las Vegas,Nevada,USA,http://ufcstats.com/event-details/6bf5a7d3e081ade2
601,UFC Fight Night: Lemos vs. Andrade,2022-04-23,Las Vegas,Nevada,USA,http://ufcstats.com/event-details/236a37d96d476164
600,UFC Fight Night: Luque vs. Muhammad,2022-04-16,Las Vegas,Nevada,USA,http://ufcstats.com/event-details/8753e125f4499816
599,UFC 273: Volkanovski vs. The Korean Zombie,2022-04-09,Jacksonville,Florida,USA,http://ufcstats.com/event-details/3a97fda0de6f1fa4
598,UFC Fight Night: Blaydes vs. Daukaus,2022-03-26,Columbus,Ohio,USA,http://ufcstats.com/event-details/1fac46d466abd5b8
597,UFC Fight Night: Volkov vs. Aspinall,2022-03-19,London,England,United Kingdom,http://ufcstats.com/event-details/1d00756835ca67c9
596,UFC Fight Night: Santos vs. Ankalaev,2022-03-12,Las Vegas,Nevada,USA,http://ufcstats.com/event-details/1f9344211ca7fd60
595,UFC 272: Covington vs. Masvidal,2022-03-05,Las Vegas,Nevada,USA,http://ufcstats.com/event-details/75e0d3cc2262b732
594,UFC Fight Night: Makhachev vs. Green,2022-02-26,Las Vegas,Nevada,USA,http://ufcstats.com/event-details/f6a7b02c42e9fc5b
593,UFC Fight Night: Walker vs. Hill,2022-02-19,Las Vegas,Nevada,USA,http://ufcstats.com/event-details/77940e45bc86208e
592,UFC 271: Adesanya vs. Whittaker 2,2022-02-12,Houston,Texas,USA,http://ufcstats.com/event-details/cbb682f5fcc44bfc
591,UFC Fight Night: Hermansson vs. Strickland,2022-02-05,Las Vegas,Nevada,USA,http://ufcstats.com/event-details/883922e5cd6d8473
590,UFC 270: Ngannou vs. Gane,2022-01-22,Anaheim,California,USA,http://ufcstats.com/event-details/335ad945324c3a2e
589,UFC Fight Night: Kattar vs. Chikadze,2022-01-15,Las Vegas,Nevada,USA,http://ufcstats.com/event-details/f5585e675af7afd4
588,UFC Fight Night: Lewis vs. Daukaus,2021-12-18,Las Vegas,Nevada,USA,http://ufcstats.com/event-details/2a470ad41c22c25a
587,UFC 269: Oliveira vs. Poirier,2021-12-11,Las Vegas,Nevada,USA,http://ufcstats.com/event-details/ef927e4fe2117ab8
586,UFC Fight Night: Font vs. Aldo,2021-12-04,Las Vegas,Nevada,USA,http://ufcstats.com/event-details/509697e08673d2e5
585,UFC Fight Night: Vieira vs. Tate,2021-11-20,Las Vegas,Nevada,USA,http://ufcstats.com/event-details/c95fbc085e17a532
584,UFC Fight Night: Holloway vs. Rodriguez,2021-11-13,Las Vegas,Nevada,USA,http://ufcstats.com/event-details/b5abaa65f87938eb
583,UFC 268: Usman vs. Covington 2,2021-11-06,New York City,New York,USA,http://ufcstats.com/event-details/48e093ea1f43a053
582,UFC 267: Blachowicz vs. Teixeira,2021-10-30,Abu Dhabi,Abu Dhabi,United Arab Emirates,http://ufcstats.com/event-details/3974fa35c917af1d
581,UFC Fight Night: Costa vs. Vettori,2021-10-23,Las Vegas,Nevada,USA,http://ufcstats.com/event-details/8a9c6c4301f6d088
580,UFC Fight Night: Ladd vs. Dumont,2021-10-16,Las Vegas,Nevada,USA,http://ufcstats.com/event-details/8f4616698508f24d
579,UFC Fight Night: Dern vs. Rodriguez,2021-10-09,Las Vegas,Nevada,USA,http://ufcstats.com/event-details/d247691a6c0e9034
578,UFC Fight Night: Santos vs. Walker,2021-10-02,Las Vegas,Nevada,USA,http://ufcstats.com/event-details/e15d0a2519d6a0b5
577,UFC 266: Volkanovski vs. Ortega,2021-09-25,Las Vegas,Nevada,USA,http://ufcstats.com/event-details/0eec866a077889f0
576,UFC Fight Night: Smith vs. Spann,2021-09-18,Las Vegas,Nevada,USA,http://ufcstats.com/event-details/4c27ca8c8481f79a
575,UFC Fight Night: Brunson vs. Till,2021-09-04,Las Vegas,Nevada,USA,http://ufcstats.com/event-details/b9532d815060de7f
574,UFC Fight Night: Barboza vs. Chikadze,2021-08-28,Las Vegas,Nevada,USA,http://ufcstats.com/event-details/0db9d2486d564a3c
573,UFC Fight Night: Cannonier vs. Gastelum,2021-08-21,Las Vegas,Nevada,USA,http://ufcstats.com/event-details/2f13e4020cea5b38
572,UFC 265: Lewis vs. Gane,2021-08-07,Houston,Texas,USA,http://ufcstats.com/event-details/972197a8c61ac413
571,UFC Fight Night: Hall vs. Strickland,2021-07-31,Las Vegas,Nevada,USA,http://ufcstats.com/event-details/320edfb0332b7073
570,UFC Fight Night: Sandhagen vs. Dillashaw,2021-07-24,Las Vegas,Nevada,USA,http://ufcstats.com/event-details/e57f0b06ea39e360
569,UFC Fight Night: Makhachev vs. Moises,2021-07-17,Las Vegas,Nevada,USA,http://ufcstats.com/event-details/40389d39a92f5bfa
568,UFC 264: Poirier vs. McGregor 3,2021-07-10,Las Vegas,Nevada,USA,http://ufcstats.com/event-details/8a0be41c0380188d
567,UFC Fight Night: Gane vs. Volkov,2021-06-26,Las Vegas,Nevada,USA,http://ufcstats.com/event-details/a1d6b308781aa2f5
566,UFC Fight Night: Jung vs. Ige,2021-06-19,Las Vegas,Nevada,USA,http://ufcstats.com/event-details/9ddfb3369a3b0394
565,UFC 263: Adesanya vs. Vettori 2,2021-06-12,Glendale,Arizona,USA,http://ufcstats.com/event-details/0b64d0fed453ef7f
564,UFC Fight Night: Rozenstruik vs. Sakai,2021-06-05,Las Vegas,Nevada,USA,http://ufcstats.com/event-details/3b2485c8d5c8b580
563,UFC Fight Night: Font vs. Garbrandt,2021-05-22,Las Vegas,Nevada,USA,http://ufcstats.com/event-details/277ffed20cf07aea
562,UFC 262: Oliveira vs. Chandler,2021-05-15,Houston,Texas,USA,http://ufcstats.com/event-details/744f50016c39c26c
561,UFC Fight Night: Rodriguez vs. Waterson,2021-05-08,Las Vegas,Nevada,USA,http://ufcstats.com/event-details/58a36b4ccf5dc30e
560,UFC Fight Night: Reyes vs. Prochazka,2021-05-01,Las Vegas,Nevada,USA,http://ufcstats.com/event-details/d57e6a8971b6d2bd
559,UFC 261: Usman vs. Masvidal 2,2021-04-24,Jacksonville,Florida,USA,http://ufcstats.com/event-details/27541033b97c076d
558,UFC Fight Night: Whittaker vs. Gastelum,2021-04-17,Las Vegas,Nevada,USA,http://ufcstats.com/event-details/4a35913bd9aa4161
557,UFC Fight Night: Vettori vs. Holland,2021-04-10,Las Vegas,Nevada,USA,http://ufcstats.com/event-details/9114c8ded5ccd71d
556,UFC 260: Miocic vs. Ngannou,2021-03-27,Las Vegas,Nevada,USA,http://ufcstats.com/event-details/6597b611f1c32555
555,UFC Fight Night: Brunson vs. Holland,2021-03-20,Las Vegas,Nevada,USA,http://ufcstats.com/event-details/c36e1f4fa755ffb4
554,UFC Fight Night: Edwards vs. Muhammad,2021-03-13,Las Vegas,Nevada,USA,http://ufcstats.com/event-details/8c90c1563972e44d
553,UFC 259: Blachowicz vs. Adesanya,2021-03-06,Las Vegas,Nevada,USA,http://ufcstats.com/event-details/6e2b1d631832921d
552,UFC Fight Night: Rozenstruik vs. Gane,2021-02-27,Las Vegas,Nevada,USA,http://ufcstats.com/event-details/81b57acd6975ac06
551,UFC Fight Night: Blaydes vs. Lewis,2021-02-20,Las Vegas,Nevada,USA,http://ufcstats.com/event-details/bfe95ec546692b13
550,UFC 258: Usman vs. Burns,2021-02-13,Las Vegas,Nevada,USA,http://ufcstats.com/event-details/3f7c14c7eca7195d
549,UFC Fight Night: Overeem vs. Volkov,2021-02-06,Las Vegas,Nevada,USA,http://ufcstats.com/event-details/a1153013cb5f628f
548,UFC 257: Poirier vs. McGregor,2021-01-23,Abu Dhabi,Abu Dhabi,United Arab Emirates,http://ufcstats.com/event-details/4304992c2acc187b
547,UFC Fight Night: Chiesa vs. Magny,2021-01-20,Abu Dhabi,Abu Dhabi,United Arab Emirates,http://ufcstats.com/event-details/56116537d71a578c
546,UFC Fight Night: Holloway vs. Kattar,2021-01-16,Abu Dhabi,Abu Dhabi,United Arab Emirates,http://ufcstats.com/event-details/307064d3e0f036c2
545,UFC Fight Night: Thompson vs. Neal,2020-12-19,Las Vegas,Nevada,USA,http://ufcstats.com/event-details/e49c2db95e572dc8
544,UFC 256: Figueiredo vs. Moreno,2020-12-12,Las Vegas,Nevada,USA,http://ufcstats.com/event-details/d0d43cb9b14f231c
543,UFC Fight Night: Hermansson vs. Vettori,2020-12-05,Las Vegas,Nevada,USA,http://ufcstats.com/event-details/398b440e73d55b8b
542,UFC Fight Night: Smith vs. Clark,2020-11-28,Las Vegas,Nevada,USA,http://ufcstats.com/event-details/992c82450d96f726
541,UFC 255: Figueiredo vs. Perez,2020-11-21,Las Vegas,Nevada,USA,http://ufcstats.com/event-details/bbb15f301e4a490a
540,UFC Fight Night: Felder vs. Dos Anjos,2020-11-14,Las Vegas,Nevada,USA,http://ufcstats.com/event-details/3bc27ec15facbcf3
539,UFC Fight Night: Santos vs. Teixeira,2020-11-07,Las Vegas,Nevada,USA,http://ufcstats.com/event-details/41dca66f9dadfc86
538,UFC Fight Night: Hall vs. Silva,2020-10-31,Las Vegas,Nevada,USA,http://ufcstats.com/event-details/ad044be25c94dcfd
537,UFC 254: Khabib vs. Gaethje,2020-10-24,Abu Dhabi,Abu Dhabi,United Arab Emirates,http://ufcstats.com/event-details/c3c38c86f5ab9b5c
536,UFC Fight Night: Ortega vs. The Korean Zombie,2020-10-17,Abu Dhabi,Abu Dhabi,United Arab Emirates,http://ufcstats.com/event-details/d4f364dd076bb0e2
535,UFC Fight Night: Moraes vs. Sandhagen,2020-10-10,Abu Dhabi,Abu Dhabi,United Arab Emirates,http://ufcstats.com/event-details/fd4578cac86d75ca
534,UFC Fight Night: Holm vs. Aldana,2020-10-03,Abu Dhabi,Abu Dhabi,United Arab Emirates,http://ufcstats.com/event-details/805ad1801eb26abb
533,UFC 253: Adesanya vs. Costa,2020-09-26,Abu Dhabi,Abu Dhabi,United Arab Emirates,http://ufcstats.com/event-details/e69c5ce12f4e762b
532,UFC Fight Night: Covington vs. Woodley,2020-09-19,Las Vegas,Nevada,USA,http://ufcstats.com/event-details/831b937811804dad
531,UFC Fight Night: Waterson vs. Hill,2020-09-12,Las Vegas,Nevada,USA,http://ufcstats.com/event-details/9c37681096c6f3a9
530,UFC Fight Night: Overeem vs. Sakai,2020-09-05,Las Vegas,Nevada,USA,http://ufcstats.com/event-details/542db012217ecb83
529,UFC Fight Night: Smith vs. Rakic,2020-08-29,Las Vegas,Nevada,USA,http://ufcstats.com/event-details/e29cf523ebd155c5
528,UFC Fight Night: Munhoz vs. Edgar,2020-08-22,Las Vegas,Nevada,USA,http://ufcstats.com/event-details/af1e5c64b8663aa0
527,UFC 252: Miocic vs. Cormier 3,2020-08-15,Las Vegas,Nevada,USA,http://ufcstats.com/event-details/bda04c573563cc2e
526,UFC Fight Night: Lewis vs. Oleinik,2020-08-08,Las Vegas,Nevada,USA,http://ufcstats.com/event-details/7a82635ffa9b59fe
525,UFC Fight Night: Brunson vs. Shahbazyan,2020-08-01,Las Vegas,Nevada,USA,http://ufcstats.com/event-details/3746e21bb508391a
524,UFC Fight Night: Whittaker vs. Till,2020-07-25,Abu Dhabi,Abu Dhabi,United Arab Emirates,http://ufcstats.com/event-details/dde70a112e053a6c
523,UFC Fight Night: Figueiredo vs. Benavidez 2,2020-07-18,Abu Dhabi,Abu Dhabi,United Arab Emirates,http://ufcstats.com/event-details/ddbd0d6259ce57cc
522,UFC Fight Night: Kattar vs. Ige,2020-07-15,Abu Dhabi,Abu Dhabi,United Arab Emirates,http://ufcstats.com/event-details/18f5669a92e99d92
521,UFC 251: Usman vs. Masvidal,2020-07-11,Abu Dhabi,Abu Dhabi,United Arab Emirates,http://ufcstats.com/event-details/dbd198f780286aca
520,UFC Fight Night: Poirier vs. Hooker,2020-06-27,Las Vegas,Nevada,USA,http://ufcstats.com/event-details/c32eab6c2119e989
519,UFC Fight Night: Blaydes vs. Volkov,2020-06-20,Las Vegas,Nevada,USA,http://ufcstats.com/event-details/2eab7a6c8b0ed8cc
518,UFC Fight Night: Eye vs. Calvillo,2020-06-13,Las Vegas,Nevada,USA,http://ufcstats.com/event-details/1e13936d708bcff7
517,UFC 250: Nunes vs. Spencer,2020-06-06,Las Vegas,Nevada,USA,http://ufcstats.com/event-details/4c12aa7ca246e7a4
516,UFC Fight Night: Woodley vs. Burns,2020-05-30,Las Vegas,Nevada,USA,http://ufcstats.com/event-details/14b9e0f2679a2205
515,UFC Fight Night: Overeem vs. Harris,2020-05-16,Jacksonville,Florida,USA,http://ufcstats.com/event-details/dfb965c9824425db
514,UFC Fight Night: Smith vs. Teixeira,2020-05-13,Jacksonville,Florida,USA,http://ufcstats.com/event-details/5f8e00c27b7e7410
513,UFC 249: Ferguson vs. Gaethje,2020-05-09,Jacksonville,Florida,USA,http://ufcstats.com/event-details/898337ef520fe4d3
512,UFC Fight Night: Lee vs. Oliveira,2020-03-14,Brasilia,Distrito Federal,Brazil,http://ufcstats.com/event-details/53278852bcd91e11
511,UFC 248: Adesanya vs. Romero,2020-03-07,Las Vegas,Nevada,USA,http://ufcstats.com/event-details/0b5b6876c2a4723f
510,UFC Fight Night: Benavidez vs. Figueiredo,2020-02-29,Norfolk,Virginia,USA,http://ufcstats.com/event-details/fc9a9559a05f2704
509,UFC Fight Night: Felder vs. Hooker,2020-02-22,Auckland,,New Zealand,http://ufcstats.com/event-details/33b2f68ef95252e0
508,UFC Fight Night: Anderson vs. Blachowicz,2020-02-15,Rio Rancho,New Mexico,USA,http://ufcstats.com/event-details/5df17b3620145578
507,UFC 247: Jones vs. Reyes,2020-02-08,Houston,Texas,USA,http://ufcstats.com/event-details/b26d3e3746fb4024
506,UFC Fight Night: Blaydes vs. Dos Santos,2020-01-25,Raleigh,North Carolina,USA,http://ufcstats.com/event-details/44aa652b181bcf68
505,UFC 246: McGregor vs. Cowboy,2020-01-18,Las Vegas,Nevada,USA,http://ufcstats.com/event-details/0c1773639c795466
504,UFC Fight Night: Edgar vs. The Korean Zombie,2019-12-21,Busan,,South Korea,http://ufcstats.com/event-details/74fefd43f073cd2f
503,UFC 245: Usman vs. Covington,2019-12-14,Las Vegas,Nevada,USA,http://ufcstats.com/event-details/4565d435005319c0
502,UFC Fight Night: Overeem vs. Rozenstruik,2019-12-07,Washington,DC,USA,http://ufcstats.com/event-details/b09890ba7ce1d1e2
501,UFC Fight Night: Blachowicz vs. Jacare,2019-11-16,Sao Paulo,Sao Paulo,Brazil,http://ufcstats.com/event-details/81ca2c245b19b3c5
500,UFC Fight Night: Zabit vs. Kattar,2019-11-09,Moscow,Moscow,Russia,http://ufcstats.com/event-details/8d5daf67983b65ba
499,UFC 244: Masvidal vs. Diaz,2019-11-02,New York City,New York,USA,http://ufcstats.com/event-details/fd87b1bbfcde9d5e
498,UFC Fight Night: Maia vs. Askren,2019-10-26,Kallang,,Singapore,http://ufcstats.com/event-details/df05aa15b2d66f57
497,UFC Fight Night: Reyes vs. Weidman,2019-10-18,Boston,Massachusetts,USA,http://ufcstats.com/event-details/3ae10ac4df3df05c
496,UFC Fight Night: Joanna vs. Waterson,2019-10-12,Tampa,Florida,USA,http://ufcstats.com/event-details/0941df56f6ac954b
495,UFC 243: Whittaker vs. Adesanya,2019-10-05,Melbourne,Victoria,Australia,http://ufcstats.com/event-details/3cf68c1d17f66af7
494,UFC Fight Night: Hermansson vs. Cannonier,2019-09-28,Copenhagen,,Denmark,http://ufcstats.com/event-details/1bf49bf829964144
493,UFC Fight Night: Rodriguez vs. Stephens,2019-09-21,Mexico City,Distrito Federal,Mexico,http://ufcstats.com/event-details/94a5aaf573f780ad
492,UFC Fight Night: Cowboy vs. Gaethje,2019-09-14,Vancouver,British Columbia,Canada,http://ufcstats.com/event-details/4834ff149dc9542a
491,UFC 242: Khabib vs. Poirier,2019-09-07,Abu Dhabi,Abu Dhabi,United Arab Emirates,http://ufcstats.com/event-details/a79bfbc01b2264d6
490,UFC Fight Night: Andrade vs. Zhang,2019-08-31,Shenzhen,Guangdong,China,http://ufcstats.com/event-details/2c104b7e59a72629
489,UFC 241: Cormier vs. Miocic 2,2019-08-17,Anaheim,California,USA,http://ufcstats.com/event-details/70167689d6a01793
488,UFC Fight Night: Shevchenko vs. Carmouche 2,2019-08-10,Montevideo,,Uruguay,http://ufcstats.com/event-details/e5d03e4d966126bd
487,UFC Fight Night: Covington vs. Lawler,2019-08-03,Newark,New Jersey,USA,http://ufcstats.com/event-details/03da33a102d9a45f
486,UFC 240: Holloway vs. Edgar,2019-07-27,Edmonton,Alberta,Canada,http://ufcstats.com/event-details/abcf7e55a0a9ed89
485,UFC Fight Night: Dos Anjos vs. Edwards,2019-07-20,San Antonio,Texas,USA,http://ufcstats.com/event-details/9e0f28d1f639ad73
484,UFC Fight Night: De Randamie vs. Ladd,2019-07-13,Sacramento,California,USA,http://ufcstats.com/event-details/2f8f3c69522db931
483,UFC 239: Jones vs. Santos,2019-07-06,Las Vegas,Nevada,USA,http://ufcstats.com/event-details/6c9383ffab2725a5
482,UFC Fight Night: Ngannou vs. Dos Santos,2019-06-29,Minneapolis,Minnesota,USA,http://ufcstats.com/event-details/c0c1bc0766df4c00
481,UFC Fight Night: Moicano vs. The Korean Zombie,2019-06-22,Greenville,South Carolina,USA,http://ufcstats.com/event-details/b16a7e6a627e9789
480,UFC 238: Cejudo vs. Moraes,2019-06-08,Chicago,Illinois,USA,http://ufcstats.com/event-details/e31502e3f79d00c5
479,UFC Fight Night: Gustafsson vs. Smith,2019-06-01,Stockholm,,Sweden,http://ufcstats.com/event-details/cbc071cb20ea59c7
478,UFC Fight Night: Dos Anjos vs. Lee,2019-05-18,Rochester,New York,USA,http://ufcstats.com/event-details/6b8f28da9a483049
477,UFC 237: Namajunas vs. Andrade,2019-05-11,Rio de Janeiro,Rio de Janeiro,Brazil,http://ufcstats.com/event-details/9de7c97e1c0d7927
476,UFC Fight Night: Iaquinta vs. Cowboy,2019-05-04,Ottawa,Ontario,Canada,http://ufcstats.com/event-details/351264d11286d09a
475,UFC Fight Night: Jacare vs. Hermansson,2019-04-27,Sunrise,Florida,USA,http://ufcstats.com/event-details/c912f676692c353a
474,UFC Fight Night: Overeem vs. Oleinik,2019-04-20,Saint Petersburg,Saint Petersburg,Russia,http://ufcstats.com/event-details/7dcf06c1967801c1
473,UFC 236: Holloway vs. Poirier 2,2019-04-13,Atlanta,Georgia,USA,http://ufcstats.com/event-details/b0550072e5f0afa7
472,UFC Fight Night: Barboza vs. Gaethje,2019-03-30,Philadelphia,Pennsylvania,USA,http://ufcstats.com/event-details/9649d75defe0dedb
471,UFC Fight Night: Thompson vs. Pettis,2019-03-23,Nashville,Tennessee,USA,http://ufcstats.com/event-details/487c170da059857d
470,UFC Fight Night: Till vs. Masvidal,2019-03-16,London,England,United Kingdom,http://ufcstats.com/event-details/80eacd4da0617c57
469,UFC Fight Night: Lewis vs. Dos Santos,2019-03-09,Wichita,Kansas,USA,http://ufcstats.com/event-details/e96d8538d3f9d0ed
468,UFC 235: Jones vs. Smith,2019-03-02,Las Vegas,Nevada,USA,http://ufcstats.com/event-details/2d5fbe2103f97053
467,UFC Fight Night: Blachowicz vs. Santos,2019-02-23,Prague,,Czech Republic,http://ufcstats.com/event-details/6546af7ab545b90c
466,UFC Fight Night: Ngannou vs. Velasquez,2019-02-17,Phoenix,Arizona,USA,http://ufcstats.com/event-details/a7a79b8efbceaaac
465,UFC 234: Adesanya vs. Silva,2019-02-09,Melbourne,Victoria,Australia,http://ufcstats.com/event-details/b5882371e2a3900d
464,UFC Fight Night: Assuncao vs. Moraes 2,2019-02-02,Fortaleza,Ceara,Brazil,http://ufcstats.com/event-details/84283233ec42be5f
463,UFC Fight Night: Cejudo vs. Dillashaw,2019-01-19,Brooklyn,New York,USA,http://ufcstats.com/event-details/d4da8995fc91e7ef
462,UFC 232: Jones vs. Gustafsson 2,2018-12-29,Los Angeles,California,USA,http://ufcstats.com/event-details/c046100aea0dba9a
461,UFC Fight Night: Lee vs. Iaquinta,2018-12-15,Milwaukee,Wisconsin,USA,http://ufcstats.com/event-details/7a703c565ccaa18f
460,UFC 231: Holloway vs. Ortega,2018-12-08,Toronto,Ontario,Canada,http://ufcstats.com/event-details/2a74bbba57058f12
459,UFC Fight Night: Dos Santos vs. Tuivasa,2018-12-01,Adelaide,South Australia,Australia,http://ufcstats.com/event-details/d1d20e651e6cbc02
458,The Ultimate Fighter: Heavy Hitters Finale,2018-11-30,Las Vegas,Nevada,USA,http://ufcstats.com/event-details/c7ac79839e86ce33
457,UFC Fight Night: Blaydes vs. Ngannou 2,2018-11-24,Beijing,,China,http://ufcstats.com/event-details/de25520d54eab12d
456,UFC Fight Night: Magny vs. Ponzinibbio,2018-11-17,Buenos Aires,Buenos Aires,Argentina,http://ufcstats.com/event-details/aa3153a9941b4d44
455,UFC Fight Night: Korean Zombie vs. Rodriguez,2018-11-10,Denver,Colorado,USA,http://ufcstats.com/event-details/42c96a9c4802e2e1
454,UFC 230: Cormier vs. Lewis,2018-11-03,New York City,New York,USA,http://ufcstats.com/event-details/20821819c401ced8
453,UFC Fight Night: Oezdemir vs. Smith,2018-10-27,Moncton,New Brunswick,Canada,http://ufcstats.com/event-details/33a331684283900f
452,UFC 229: Khabib vs. McGregor,2018-10-06,Las Vegas,Nevada,USA,http://ufcstats.com/event-details/1ef0eae31904e534
451,UFC Fight Night: Marreta vs. Anders,2018-09-22,Sao Paulo,Sao Paulo,Brazil,http://ufcstats.com/event-details/852454c572675334
450,UFC Fight Night: Hunt vs. Oleinik,2018-09-15,Moscow,Moscow,Russia,http://ufcstats.com/event-details/8d49545dadf9b919
449,UFC 228: Woodley vs. Till,2018-09-08,Dallas,Texas,USA,http://ufcstats.com/event-details/d5ae8074631762fc
448,UFC Fight Night: Gaethje vs. Vick,2018-08-25,Lincoln,Nebraska,USA,http://ufcstats.com/event-details/c0342805a1948cbb
447,UFC 227: Dillashaw vs. Garbrandt 2,2018-08-04,Los Angeles,California,USA,http://ufcstats.com/event-details/03b1e846b09f721d
446,UFC Fight Night: Alvarez vs. Poirier 2,2018-07-28,Calgary,Alberta,Canada,http://ufcstats.com/event-details/322a56923b396b4d
445,UFC Fight Night: Shogun vs. Smith,2018-07-22,Hamburg,Hamburg,Germany,http://ufcstats.com/event-details/4f732e58ed907eff
444,UFC Fight Night: Dos Santos vs. Ivanov,2018-07-14,Boise,Idaho,USA,http://ufcstats.com/event-details/b45d6b73f4ca4467
443,UFC 226: Miocic vs. Cormier,2018-07-07,Las Vegas,Nevada,USA,http://ufcstats.com/event-details/35585d970300d45a
442,The Ultimate Fighter: Undefeated Finale,2018-07-06,Las Vegas,Nevada,USA,http://ufcstats.com/event-details/8215e4fe24e8e81b
441,UFC Fight Night: Cowboy vs. Edwards,2018-06-23,Kallang,,Singapore,http://ufcstats.com/event-details/ac5f67109accb482
440,UFC 225: Whittaker vs. Romero 2,2018-06-09,Chicago,Illinois,USA,http://ufcstats.com/event-details/2eae41f61776c60f
439,UFC Fight Night: Rivera vs. Moraes,2018-06-01,Utica,New York,USA,http://ufcstats.com/event-details/d29b5c4f22c6357d
438,UFC Fight Night: Thompson vs. Till,2018-05-27,Liverpool,England,United Kingdom,http://ufcstats.com/event-details/f5990c11974d8e9c
437,UFC Fight Night: Maia vs. Usman,2018-05-19,Santiago,,Chile,http://ufcstats.com/event-details/3144121470023e9a
436,UFC 224: Nunes vs. Pennington,2018-05-12,Rio de Janeiro,Rio de Janeiro,Brazil,http://ufcstats.com/event-details/67ec58d7cf599835
435,UFC Fight Night: Barboza vs. Lee,2018-04-21,Atlantic City,New Jersey,USA,http://ufcstats.com/event-details/ad99fa5325519169
434,UFC Fight Night: Poirier vs. Gaethje,2018-04-14,Glendale,Arizona,USA,http://ufcstats.com/event-details/620be7e0712d431b
433,UFC 223: Khabib vs. Iaquinta,2018-04-07,Brooklyn,New York,USA,http://ufcstats.com/event-details/49e7e05f902479ca
432,UFC Fight Night: Werdum vs. Volkov,2018-03-17,London,England,United Kingdom,http://ufcstats.com/event-details/eed2b71d77d95416
431,UFC 222: Cyborg vs. Kunitskaya,2018-03-03,Las Vegas,Nevada,USA,http://ufcstats.com/event-details/7929be8290289a47
430,UFC Fight Night: Emmett vs. Stephens,2018-02-24,Orlando,Florida,USA,http://ufcstats.com/event-details/daa89f01e1c0f42a
429,UFC Fight Night: Cerrone vs. Medeiros,2018-02-18,Austin,Texas,USA,http://ufcstats.com/event-details/d181689653115b6a
428,UFC 221: Romero vs. Rockhold,2018-02-10,Perth,Western Australia,Australia,http://ufcstats.com/event-details/15515e797aedc137
427,UFC Fight Night: Machida vs. Anders,2018-02-03,Belem,Para,Brazil,http://ufcstats.com/event-details/7cf20446453f852b
426,UFC Fight Night: Jacare vs. Brunson 2,2018-01-27,Charlotte,North Carolina,USA,http://ufcstats.com/event-details/602bb270f2bdbf02
425,UFC 220: Miocic vs. Ngannou,2018-01-20,Boston,Massachusetts,USA,http://ufcstats.com/event-details/02177caefe7c07d4
424,UFC Fight Night: Stephens vs. Choi,2018-01-14,St. Louis,Missouri,USA,http://ufcstats.com/event-details/fc1868f56d3036eb
423,UFC 219: Cyborg vs. Holm,2017-12-30,Las Vegas,Nevada,USA,http://ufcstats.com/event-details/04076783ca83d6ae
422,UFC Fight Night: Lawler vs. Dos Anjos,2017-12-16,Winnipeg,Manitoba,Canada,http://ufcstats.com/event-details/eaa0a728cc91ef60
421,UFC Fight Night: Swanson vs. Ortega,2017-12-09,Fresno,California,USA,http://ufcstats.com/event-details/bcd124bcd3d5be46
420,UFC 218: Holloway vs. Aldo 2,2017-12-02,Detroit,Michigan,USA,http://ufcstats.com/event-details/9e30f69cc0869301
419,The Ultimate Fighter: A New World Champion Finale,2017-12-01,Las Vegas,Nevada,USA,http://ufcstats.com/event-details/30e8b4505f5ccf92
418,UFC Fight Night: Bisping vs. Gastelum,2017-11-25,Shanghai,Hebei,China,http://ufcstats.com/event-details/e7bc606d269896aa
417,UFC Fight Night: Werdum vs. Tybura,2017-11-18,Sydney,New South Wales,Australia,http://ufcstats.com/event-details/caced97768818230
416,UFC Fight Night: Poirier vs. Pettis,2017-11-11,Norfolk,Virginia,USA,http://ufcstats.com/event-details/d856a0080ac09ed7
415,UFC 217: Bisping vs. St-Pierre,2017-11-04,New York City,New York,USA,http://ufcstats.com/event-details/a25b71fe5e31fa97
414,UFC Fight Night: Brunson vs. Machida,2017-10-28,Sao Paulo,Sao Paulo,Brazil,http://ufcstats.com/event-details/a7724f51e32e763e
413,UFC Fight Night: Cerrone vs. Till,2017-10-21,Gdansk,,Poland,http://ufcstats.com/event-details/d6b68eaf4b68b160
412,UFC 216: Ferguson vs. Lee,2017-10-07,Las Vegas,Nevada,USA,http://ufcstats.com/event-details/cc5834a495d1ea08
411,UFC Fight Night: Saint Preux vs. Okami,2017-09-22,Saitama,Saitama,Japan,http://ufcstats.com/event-details/9211aae062b799d6
410,UFC Fight Night: Rockhold vs. Branch,2017-09-16,Pittsburgh,Pennsylvania,USA,http://ufcstats.com/event-details/1979c80150f630c4
409,UFC 215: Nunes vs Shevchenko 2,2017-09-09,Edmonton,Alberta,Canada,http://ufcstats.com/event-details/d86e913c548c07c2
408,UFC Fight Night: Volkov vs. Struve,2017-09-02,Rotterdam,Zuid-Holland,Netherlands,http://ufcstats.com/event-details/a3244e3238541482
407,UFC Fight Night: Pettis vs. Moreno,2017-08-05,Mexico City,Distrito Federal,Mexico,http://ufcstats.com/event-details/f4a031ac205ac580
406,UFC 214: Cormier vs. Jones 2,2017-07-29,Anaheim,California,USA,http://ufcstats.com/event-details/ff9578cdbfabd323
405,UFC Fight Night: Weidman vs. Gastelum,2017-07-22,Uniondale,New York,USA,http://ufcstats.com/event-details/9f3d6ddef3d3cccc
404,UFC Fight Night: Nelson vs. Ponzinibbio,2017-07-16,Glasgow,Scotland,United Kingdom,http://ufcstats.com/event-details/d7907a9a968e4d29
403,UFC 213: Romero vs. Whittaker,2017-07-08,Las Vegas,Nevada,USA,http://ufcstats.com/event-details/686cccbf1a4de453
402,The Ultimate Fighter: Redemption Finale,2017-07-07,Las Vegas,Nevada,USA,http://ufcstats.com/event-details/23bd78c3f89bdb54
401,UFC Fight Night: Chiesa vs. Lee,2017-06-25,Oklahoma City,Oklahoma,USA,http://ufcstats.com/event-details/99bf06f20491cb54
400,UFC Fight Night: Holm vs. Correia,2017-06-17,Kallang,,Singapore,http://ufcstats.com/event-details/353de740bb6c7e75
399,UFC Fight Night: Lewis vs. Hunt,2017-06-10,Auckland,,New Zealand,http://ufcstats.com/event-details/90e7447d8b7f3f35
398,UFC 212: Aldo vs. Holloway,2017-06-03,Rio de Janeiro,Rio de Janeiro,Brazil,http://ufcstats.com/event-details/1507214bbc7a79e2
397,UFC Fight Night: Gustafsson vs. Teixeira,2017-05-28,Stockholm,,Sweden,http://ufcstats.com/event-details/1c7cce2f5c17160d
396,UFC 211: Miocic vs. Dos Santos,2017-05-13,Dallas,Texas,USA,http://ufcstats.com/event-details/5df10509264586e5
395,UFC Fight Night: Swanson vs. Lobov,2017-04-22,Nashville,Tennessee,USA,http://ufcstats.com/event-details/bc7f7f0ba3db74d2
394,UFC on FOX: Johnson vs. Reis,2017-04-15,Kansas City,Missouri,USA,http://ufcstats.com/event-details/ed069a95aaaf4f56
393,UFC 210: Cormier vs. Johnson 2,2017-04-08,Buffalo,New York,USA,http://ufcstats.com/event-details/e7bfdb5e0112891e
392,UFC Fight Night: Manuwa vs. Anderson,2017-03-18,London,England,United Kingdom,http://ufcstats.com/event-details/c0231720fe516994
391,UFC Fight Night: Belfort vs. Gastelum,2017-03-11,Fortaleza,Ceara,Brazil,http://ufcstats.com/event-details/47b7e4e60813b7b2
390,UFC 209: Woodley vs. Thompson 2,2017-03-04,Las Vegas,Nevada,USA,http://ufcstats.com/event-details/20e403a1acfef130
389,UFC Fight Night: Lewis vs. Browne,2017-02-19,Halifax,Nova Scotia,Canada,http://ufcstats.com/event-details/b4ad3a06ee4d660c
388,UFC 208: Holm vs. De Randamie,2017-02-11,Brooklyn,New York,USA,http://ufcstats.com/event-details/865aa315ea62c511
387,UFC Fight Night: Bermudez vs. The Korean Zombie,2017-02-04,Houston,Texas,USA,http://ufcstats.com/event-details/6a8a06b542e1516d
386,UFC on FOX: Shevchenko vs. Pena,2017-01-28,Denver,Colorado,USA,http://ufcstats.com/event-details/4512e46543b960ad
385,UFC Fight Night: Rodriguez vs. Penn,2017-01-15,Phoenix,Arizona,USA,http://ufcstats.com/event-details/46effbd1135423c5
384,UFC 207: Nunes vs. Rousey,2016-12-30,Las Vegas,Nevada,USA,http://ufcstats.com/event-details/4b2390cfaceb91d8
383,UFC on FOX: VanZant vs. Waterson,2016-12-17,Sacramento,California,USA,http://ufcstats.com/event-details/32541eb5d12668b4
382,UFC 206: Holloway vs. Pettis,2016-12-10,Toronto,Ontario,Canada,http://ufcstats.com/event-details/6e3282d57d2467a0
381,UFC Fight Night: Lewis vs. Abdurakhimov,2016-12-09,Albany,New York,USA,http://ufcstats.com/event-details/7139cd2ae4bf6a29
380,The Ultimate Fighter: Tournament of Champions Finale,2016-12-03,Las Vegas,Nevada,USA,http://ufcstats.com/event-details/bd4389b71fdc0ce2
379,UFC Fight Night: Whittaker vs. Brunson,2016-11-26,Melbourne,Victoria,Australia,http://ufcstats.com/event-details/73e09f837f3b5ecc
378,UFC Fight Night: Bader vs. Nogueira,2016-11-19,Sao Paulo,Sao Paulo,Brazil,http://ufcstats.com/event-details/5cde96e0a1a1fffe
377,UFC Fight Night: Mousasi vs. Hall 2,2016-11-19,Belfast,Northern Ireland,United Kingdom,http://ufcstats.com/event-details/6810d8d2dd557cf9
376,UFC 205: Alvarez vs McGregor,2016-11-12,New York City,New York,USA,http://ufcstats.com/event-details/4956f60b7fa57c1a
375,UFC Fight Night: Dos Anjos vs. Ferguson,2016-11-05,Mexico City,Distrito Federal,Mexico,http://ufcstats.com/event-details/6083f497c22cc075
374,UFC 204: Bisping vs. Henderson,2016-10-08,Manchester,England,United Kingdom,http://ufcstats.com/event-details/154a6b3ffae264cd
373,UFC Fight Night: Lineker vs. Dodson,2016-10-01,Portland,Oregon,USA,http://ufcstats.com/event-details/a196332ee4aa8a82
372,UFC Fight Night: Cyborg vs. Lansberg,2016-09-24,Brasilia,Distrito Federal,Brazil,http://ufcstats.com/event-details/e18012194473e8b0
371,UFC Fight Night: Poirier vs. Johnson,2016-09-17,Hidalgo,Texas,USA,http://ufcstats.com/event-details/d6455cb4bee503ce
370,UFC 203: Miocic vs. Overeem,2016-09-10,Cleveland,Ohio,USA,http://ufcstats.com/event-details/2dc7f1762dc0a7ef
369,UFC Fight Night: Arlovski vs. Barnett,2016-09-03,Hamburg,Hamburg,Germany,http://ufcstats.com/event-details/2b4faacc16d66898
368,UFC on FOX: Maia vs. Condit,2016-08-27,Vancouver,British Columbia,Canada,http://ufcstats.com/event-details/cfbccfed4e4796fe
367,UFC 202: Diaz vs. McGregor 2,2016-08-20,Las Vegas,Nevada,USA,http://ufcstats.com/event-details/5da4e8dc02e50ac0
366,UFC Fight Night: Rodriguez vs. Caceres,2016-08-06,Salt Lake City,Utah,USA,http://ufcstats.com/event-details/232c582f29f8f65e
365,UFC 201: Lawler vs. Woodley,2016-07-30,Atlanta,Georgia,USA,http://ufcstats.com/event-details/72cbe507644a587c
364,UFC on FOX: Holm vs. Shevchenko,2016-07-23,Chicago,Illinois,USA,http://ufcstats.com/event-details/8a028648f3f0761d
363,UFC Fight Night: McDonald vs. Lineker,2016-07-13,Sioux Falls,South Dakota,USA,http://ufcstats.com/event-details/5e7a28f20927d64a
362,UFC 200: Tate vs Nunes,2016-07-09,Las Vegas,Nevada,USA,http://ufcstats.com/event-details/aa5b4eff51bdc7d1
361,The Ultimate Fighter: Team Joanna vs. Team Cláudia Finale,2016-07-08,Las Vegas,Nevada,USA,http://ufcstats.com/event-details/cd42bbe8887bba90
360,UFC Fight Night: Dos Anjos vs. Alvarez,2016-07-07,Las Vegas,Nevada,USA,http://ufcstats.com/event-details/45a2ba3ef82b9700
359,UFC Fight Night: MacDonald vs Thompson,2016-06-18,Ottawa,Ontario,Canada,http://ufcstats.com/event-details/563d051c9e769b24
358,UFC 199: Rockhold vs. Bisping 2,2016-06-04,Los Angeles,California,USA,http://ufcstats.com/event-details/ff4c3ab594c7fac3
357,UFC Fight Night: Almeida vs Garbrandt,2016-05-29,Las Vegas,Nevada,USA,http://ufcstats.com/event-details/990060b2a68a7b82
356,UFC 198: Werdum vs Miocic,2016-05-14,Curitiba,Parana,Brazil,http://ufcstats.com/event-details/a4bf17bd3ba3423b
355,UFC Fight Night: Overeem vs Arlovski,2016-05-08,Rotterdam,Zuid-Holland,Netherlands,http://ufcstats.com/event-details/a314687f372b2cec
354,UFC 197: Jones vs Saint Preux,2016-04-23,Las Vegas,Nevada,USA,http://ufcstats.com/event-details/3d481aa374c954a1
353,UFC on FOX: Teixeira vs Evans,2016-04-16,Tampa,Florida,USA,http://ufcstats.com/event-details/e7e970d508529bf3
352,UFC Fight Night: Rothwell vs Dos Santos,2016-04-10,Zagreb,,Croatia,http://ufcstats.com/event-details/4887e5bc4dbb73ff
351,UFC Fight Night: Hunt vs Mir,2016-03-19,Brisbane,Queensland,Australia,http://ufcstats.com/event-details/e60201cfab7d656d
350,UFC 196: McGregor vs Diaz,2016-03-05,Las Vegas,Nevada,USA,http://ufcstats.com/event-details/db1f2ed63b54b9a7
349,UFC Fight Night: Silva vs Bisping,2016-02-27,London,England,United Kingdom,http://ufcstats.com/event-details/39c568f8c579913e
348,UFC Fight Night: Cowboy vs Cowboy,2016-02-21,Pittsburgh,Pennsylvania,USA,http://ufcstats.com/event-details/d56bb6dff2ae77eb
347,UFC Fight Night: Hendricks vs Thompson,2016-02-06,Las Vegas,Nevada,USA,http://ufcstats.com/event-details/de99da2c0d18d34a
346,UFC on FOX: Johnson vs. Bader,2016-01-30,Newark,New Jersey,USA,http://ufcstats.com/event-details/b3fb8d2293e17a59
345,UFC Fight Night: Dillashaw vs Cruz,2016-01-17,Boston,Massachusetts,USA,http://ufcstats.com/event-details/c6becb722706c7d8
344,UFC 195: Lawler vs Condit,2016-01-02,Las Vegas,Nevada,USA,http://ufcstats.com/event-details/380e8b023290d091
343,UFC on FOX: Dos Anjos vs. Cowboy 2,2015-12-19,Orlando,Florida,USA,http://ufcstats.com/event-details/80d918336163b80c
342,UFC 194: Aldo vs McGregor,2015-12-12,Las Vegas,Nevada,USA,http://ufcstats.com/event-details/354808cf38d9d73c
341,The Ultimate Fighter: Team McGregor vs. Team Faber Finale,2015-12-11,Las Vegas,Nevada,USA,http://ufcstats.com/event-details/20fbff570c678e1c
340,UFC Fight Night: Namajunas vs. VanZant,2015-12-10,Las Vegas,Nevada,USA,http://ufcstats.com/event-details/dd39f1ca787a3d9d
339,UFC Fight Night: Henderson vs Masvidal,2015-11-28,Seoul,,South Korea,http://ufcstats.com/event-details/4d636c3aa1105950
338,UFC Fight Night: Magny vs Gastelum,2015-11-21,Monterrey,Nuevo Leon,Mexico,http://ufcstats.com/event-details/243b07fc65ccbb16
337,UFC 193: Rousey vs Holm,2015-11-14,Melbourne,Victoria,Australia,http://ufcstats.com/event-details/8d04923f2db59b7f
336,UFC Fight Night: Belfort vs Henderson 3,2015-11-07,Sao Paulo,Sao Paulo,Brazil,http://ufcstats.com/event-details/5345f86680378fc1
335,UFC Fight Night: Holohan vs Smolka,2015-10-24,Dublin,Leinster,Ireland,http://ufcstats.com/event-details/f3155a94ca420126
334,UFC 192: Cormier vs Gustafsson,2015-10-03,Houston,Texas,USA,http://ufcstats.com/event-details/119ebea97e914dcf
333,UFC Fight Night: Barnett vs Nelson,2015-09-26,Saitama,,Japan,http://ufcstats.com/event-details/a4dd5c9a75763295
332,UFC 191: Johnson vs Dodson 2,2015-09-05,Las Vegas,Nevada,USA,http://ufcstats.com/event-details/82f5c81f4e3c3eb5
331,UFC Fight Night: Holloway vs Oliveira,2015-08-23,Saskatoon,Saskatchewan,Canada,http://ufcstats.com/event-details/2ce6541127b0e232
330,UFC Fight Night: Teixeira vs Saint Preux,2015-08-08,Nashville,Tennessee,USA,http://ufcstats.com/event-details/b71667c778b6d9e5
329,UFC 190: Rousey vs Correia,2015-08-01,Rio de Janeiro,Rio de Janeiro,Brazil,http://ufcstats.com/event-details/a9c45a8b21eabadc
328,UFC on FOX: Dillashaw vs. Barao II,2015-07-25,Chicago,Illinois,USA,http://ufcstats.com/event-details/0c3838c8f7c620c2
327,UFC Fight Night: Bisping vs Leites,2015-07-18,Glasgow,Scotland,United Kingdom,http://ufcstats.com/event-details/ef7fa30364cbe7f2
326,UFC Fight Night: Mir vs Duffee,2015-07-15,San Diego,California,USA,http://ufcstats.com/event-details/36877f0e62b25b96
325,The Ultimate Fighter: American Top Team vs. Blackzilians Finale,2015-07-12,Las Vegas,Nevada,USA,http://ufcstats.com/event-details/a890f9a791ed615d
324,UFC 189: Mendes vs McGregor,2015-07-11,Las Vegas,Nevada,USA,http://ufcstats.com/event-details/3be081c29bf734d9
323,UFC Fight Night: Machida vs Romero,2015-06-27,Hollywood,Florida,USA,http://ufcstats.com/event-details/86e388ed20761ad9
322,UFC Fight Night: Jedrzejczyk vs Penne,2015-06-20,Berlin,Berlin,Germany,http://ufcstats.com/event-details/194fc025f9355db6
321,UFC 188: Velasquez vs Werdum,2015-06-13,Mexico City,Distrito Federal,Mexico,http://ufcstats.com/event-details/a58114c6dd0add64
320,UFC Fight Night: Boetsch vs Henderson,2015-06-06,New Orleans,Louisiana,USA,http://ufcstats.com/event-details/06dc1a58663579d2
319,UFC Fight Night: Condit vs Alves,2015-05-30,Goiania,Goias,Brazil,http://ufcstats.com/event-details/aae0897825336b1a
318,UFC 187: Johnson vs Cormier,2015-05-23,Las Vegas,Nevada,USA,http://ufcstats.com/event-details/4f7e290e71d60f87
317,UFC Fight Night: Edgar vs Faber,2015-05-16,Manila,,Philippines,http://ufcstats.com/event-details/b1605ea39fba6af6
316,UFC Fight Night: Miocic vs Hunt,2015-05-09,Adelaide,South Australia,Australia,http://ufcstats.com/event-details/8a1b4330c7957961
315,UFC 186: Johnson vs Horiguchi,2015-04-25,Montreal,Quebec,Canada,http://ufcstats.com/event-details/997b4f52f76a0b53
314,UFC on FOX: Machida vs Rockhold,2015-04-18,Newark,New Jersey,USA,http://ufcstats.com/event-details/bc7cf284c1c2f16e
313,UFC Fight Night: Gonzaga vs Cro Cop 2,2015-04-11,Krakow,,Poland,http://ufcstats.com/event-details/5de61b03868035ff
312,UFC Fight Night: Mendes vs Lamas,2015-04-04,Fairfax,Virginia,USA,http://ufcstats.com/event-details/16d09e800ad7ec79
311,UFC Fight Night: Maia vs LaFlare,2015-03-21,Rio de Janeiro,,Brazil,http://ufcstats.com/event-details/fa534853eb195270
310,UFC 185: Pettis vs Dos Anjos,2015-03-14,Dallas,Texas,USA,http://ufcstats.com/event-details/f54200f1dfb9b5d4
309,UFC 184: Rousey vs Zingano,2015-02-28,Los Angeles,California,USA,http://ufcstats.com/event-details/ad4e9055bf8cd04d
308,UFC Fight Night: Bigfoot vs Mir,2015-02-22,Porto Alegre,Rio Grande do Sul,Brazil,http://ufcstats.com/event-details/0577808d22dfe79c
307,UFC Fight Night: Henderson vs Thatch,2015-02-14,Broomfield,Colorado,USA,http://ufcstats.com/event-details/f9c7fe2682af3802
306,UFC 183: Silva vs Diaz,2015-01-31,Las Vegas,Nevada,USA,http://ufcstats.com/event-details/43563a32c3f10e95
305,UFC on FOX: Gustafsson vs Johnson,2015-01-24,Stockholm,,Sweden,http://ufcstats.com/event-details/706404da0775dcbc
304,UFC Fight Night: McGregor vs Siver,2015-01-18,Boston,Massachusetts,USA,http://ufcstats.com/event-details/f9aa6376ae16bfb4
303,UFC 182: Jones vs Cormier,2015-01-03,Las Vegas,Nevada,USA,http://ufcstats.com/event-details/a72d260b436924c4
302,UFC Fight Night: Machida vs Dollaway,2014-12-20,Barueri,Sao Paulo,Brazil,http://ufcstats.com/event-details/4e5bbc4566049cbf
301,UFC on FOX: Dos Santos vs Miocic,2014-12-13,Phoenix,Arizona,USA,http://ufcstats.com/event-details/d4a12dfa4067742f
300,The Ultimate Fighter: A Champion Will Be Crowned Finale,2014-12-12,Las Vegas,Nevada,USA,http://ufcstats.com/event-details/222d6b547de2e035
299,UFC 181: Hendricks vs Lawler II,2014-12-06,Las Vegas,Nevada,USA,http://ufcstats.com/event-details/dfdd0c5dd0d4bc23
298,UFC Fight Night: Edgar vs Swanson,2014-11-22,Austin,Texas,USA,http://ufcstats.com/event-details/155a02a8b4311057
297,UFC 180: Werdum vs Hunt,2014-11-15,Mexico City,Distrito Federal,Mexico,http://ufcstats.com/event-details/59851163aaf1aed8
296,UFC Fight Night 56: Shogun vs Saint Preux,2014-11-08,Uberlandia,Minas Gerais,Brazil,http://ufcstats.com/event-details/6ca68b636fbc1f18
295,UFC Fight Night: Rockhold vs Bisping,2014-11-07,Sydney,New South Wales,Australia,http://ufcstats.com/event-details/371a1c91b24dec2b
294,UFC 179: Aldo vs Mendes 2,2014-10-25,Rio de Janeiro,,Brazil,http://ufcstats.com/event-details/53f02bbc41d99432
293,UFC Fight Night: MacDonald vs Saffiedine,2014-10-04,Halifax,Nova Scotia,Canada,http://ufcstats.com/event-details/0313bf497de9c470
292,UFC Fight Night: Nelson vs Story,2014-10-04,Stockholm,,Sweden,http://ufcstats.com/event-details/8dc4f34c1f50d00d
291,UFC 178: Johnson vs Cariaso,2014-09-27,Las Vegas,Nevada,USA,http://ufcstats.com/event-details/3bb030257966b022
290,UFC Fight Night: Hunt vs Nelson,2014-09-20,Saitama,,Japan,http://ufcstats.com/event-details/2dea80c069847321
289,UFC Fight Night: Bigfoot vs Arlovski,2014-09-13,Brasilia,Distrito Federal,Brazil,http://ufcstats.com/event-details/a71feb7ea7592a71
288,UFC Fight Night: Jacare vs Mousasi,2014-09-05,Ledyard,Connecticut,USA,http://ufcstats.com/event-details/9bcfb40dbcd50568
287,UFC 177: Dillashaw vs Soto,2014-08-30,Sacramento,California,USA,http://ufcstats.com/event-details/269d103c96a4c3a5
286,UFC Fight Night: Henderson vs Dos Anjos,2014-08-23,Tulsa,Oklahoma,USA,http://ufcstats.com/event-details/063649e21bc9d6d5
285,UFC Fight Night: Bisping vs Le,2014-08-23,Macau,,China,http://ufcstats.com/event-details/770b9d4813c25902
284,UFC Fight Night: Bader vs Saint Preux,2014-08-16,Bangor,Maine,USA,http://ufcstats.com/event-details/fd7acf42bd6e7e95
283,UFC on FOX: Lawler vs Brown,2014-07-26,San Jose,California,USA,http://ufcstats.com/event-details/05fbfe628658c538
282,UFC Fight Night: McGregor vs Brandao,2014-07-19,Dublin,Leinster,Ireland,http://ufcstats.com/event-details/073eee4e62f0d988
281,UFC Fight Night: Cowboy vs Miller,2014-07-16,Atlantic City,New Jersey,USA,http://ufcstats.com/event-details/79ded75550efc139
280,The Ultimate Fighter: Team Edgar vs. Team Penn Finale,2014-07-06,Las Vegas,Nevada,USA,http://ufcstats.com/event-details/1c5879330d42255f
279,UFC 175: Weidman vs Machida,2014-07-05,Las Vegas,Nevada,USA,http://ufcstats.com/event-details/53adf5b845d91e4a
278,UFC Fight Night: Swanson vs Stephens,2014-06-28,San Antonio,Texas,USA,http://ufcstats.com/event-details/c0ed7b208197e8de
277,UFC Fight Night: Te Huna vs Marquardt,2014-06-28,Auckland,,New Zealand,http://ufcstats.com/event-details/ac9521250dc1a14c
276,UFC 174: Johnson vs Bagautinov,2014-06-14,Vancouver,British Columbia,Canada,http://ufcstats.com/event-details/5b5307450405abf0
275,UFC Fight Night: Henderson vs Khabilov,2014-06-07,Albuquerque,New Mexico,USA,http://ufcstats.com/event-details/1fcfc3709fe58151
274,UFC Fight Night: Miocic vs Maldonado,2014-05-31,Sao Paulo,,Brazil,http://ufcstats.com/event-details/59aaf2730b84698a
273,UFC Fight Night: Munoz vs Mousasi,2014-05-31,Berlin,,Germany,http://ufcstats.com/event-details/b757c73f443d4fca
272,UFC 173: Barao vs Dillashaw,2014-05-24,Las Vegas,Nevada,USA,http://ufcstats.com/event-details/9ca265dfe8323db3
271,UFC Fight Night: Brown vs Silva,2014-05-10,Cincinnati,Ohio,USA,http://ufcstats.com/event-details/579fcdfcabd23a7b
270,UFC 172: Jones vs Teixeira,2014-04-26,Baltimore,Maryland,USA,http://ufcstats.com/event-details/4f2fcbefb668689d
269,UFC on FOX: Werdum vs Browne,2014-04-19,Orlando,Florida,USA,http://ufcstats.com/event-details/a421465acbe59c77
268,UFC Fight Night: Bisping vs Kennedy,2014-04-16,Quebec City,Quebec,Canada,http://ufcstats.com/event-details/f9f07bb5a43535ed
267,UFC Fight Night: Minotauro vs Nelson,2014-04-11,Abu Dhabi,,United Arab Emirates,http://ufcstats.com/event-details/d632d156c0549e07
266,UFC Fight Night: Shogun vs Henderson 2,2014-03-23,Natal,Rio Grande do Norte,Brazil,http://ufcstats.com/event-details/d5f820c11a121050
265,UFC 171: Hendricks vs Lawler,2014-03-15,Dallas,Texas,USA,http://ufcstats.com/event-details/179f1948dc234f1f
264,UFC Fight Night: Gustafsson vs Manuwa,2014-03-08,London,England,United Kingdom,http://ufcstats.com/event-details/ebc1f40e00e0c481
263,UFC Fight Night: Kim vs Hathaway,2014-03-01,Macau,,China,http://ufcstats.com/event-details/a26198ba5093147e
262,UFC 170: Rousey vs McMann,2014-02-22,Las Vegas,Nevada,USA,http://ufcstats.com/event-details/3138fab619faf4d1
261,UFC Fight Night: Machida vs Mousasi,2014-02-15,Jaragua do Sul,Santa Catarina,Brazil,http://ufcstats.com/event-details/51b0bb73a1da34bc
260,UFC 169: Barao vs Faber 2,2014-02-01,Newark,New Jersey,USA,http://ufcstats.com/event-details/fc31f896cde2bc2e
259,UFC on FOX: Henderson vs Thomson,2014-01-25,Chicago,Illinois,USA,http://ufcstats.com/event-details/a8d521d913df4e31
258,UFC Fight Night: Rockhold vs Philippou,2014-01-15,Duluth,Georgia,USA,http://ufcstats.com/event-details/30a09e43f15f1d75
257,UFC Fight Night: Saffiedine vs Lim,2014-01-04,Singapore,,Singapore,http://ufcstats.com/event-details/e5c9de15bb58b1c6
256,UFC 168: Weidman vs Silva 2,2013-12-28,Las Vegas,Nevada,USA,http://ufcstats.com/event-details/83d0de122f2f9664
255,UFC on FOX: Johnson vs. Benavidez 2,2013-12-14,Sacramento,California,USA,http://ufcstats.com/event-details/480b702debcb5433
254,UFC Fight Night: Hunt vs Bigfoot,2013-12-06,Brisbane,Queensland,Australia,http://ufcstats.com/event-details/ee457ef1e1c326c1
253,The Ultimate Fighter: Team Rousey vs. Team Tate Finale,2013-11-30,Las Vegas,Nevada,USA,http://ufcstats.com/event-details/9a967e8e43dcef63
252,UFC 167: St-Pierre vs Hendricks,2013-11-16,Las Vegas,Nevada,USA,http://ufcstats.com/event-details/28f3c2258a1d8874
251,UFC Fight Night: Belfort vs Henderson 2,2013-11-09,Goiania,Goias,Brazil,http://ufcstats.com/event-details/5d7c18191b8aa432
250,UFC Fight Night: Fight for the Troops 3,2013-11-06,Fort Campbell,Kentucky,USA,http://ufcstats.com/event-details/35dc6220b113b7ec
249,UFC Fight Night: Machida vs Munoz,2013-10-26,Manchester,England,United Kingdom,http://ufcstats.com/event-details/60884f31ead1609c
248,UFC 166: Velasquez vs Dos Santos 3,2013-10-19,Houston,Texas,USA,http://ufcstats.com/event-details/eae4aec1a5a8ff01
247,UFC Fight Night: Maia vs Shields,2013-10-09,Barueri,Sao Paulo,Brazil,http://ufcstats.com/event-details/43612456979e5d5e
246,UFC 165: Jones vs Gustafsson,2013-09-21,Toronto,Ontario,Canada,http://ufcstats.com/event-details/df5a77121ba84a5d
245,UFC Fight Night: Teixeira vs Bader,2013-09-04,Belo Horizonte,Minas Gerais,Brazil,http://ufcstats.com/event-details/b23fca14c7b79935
244,UFC 164: Henderson vs Pettis 2,2013-08-31,Milwaukee,Wisconsin,USA,http://ufcstats.com/event-details/980b4e712489098e
243,UFC Fight Night: Condit vs Kampmann 2,2013-08-28,Indianapolis,Indiana,USA,http://ufcstats.com/event-details/e5c38954c006f15c
242,UFC Fight Night: Shogun vs Sonnen,2013-08-17,Boston,Massachusetts,USA,http://ufcstats.com/event-details/cf1a88371c8cb690
241,UFC 163: Aldo vs Jung,2013-08-03,Rio de Janeiro,,Brazil,http://ufcstats.com/event-details/ebc5af72ad5a28cb
240,UFC on FOX: Johnson vs Moraga,2013-07-27,Seattle,Washington,USA,http://ufcstats.com/event-details/5330fe7e4c3af81c
239,UFC 162: Silva vs Weidman,2013-07-06,Las Vegas,Nevada,USA,http://ufcstats.com/event-details/e0b74df14f52cd15
238,UFC 161: Evans vs Henderson,2013-06-15,Winnipeg,Manitoba,Canada,http://ufcstats.com/event-details/8fd1f27e86661ede
237,UFC on FUEL TV: Nogueira vs. Werdum,2013-06-08,Fortaleza,Ceara,Brazil,http://ufcstats.com/event-details/7865707fd684d77b
236,UFC 160: Velasquez vs Silva 2,2013-05-25,Las Vegas,Nevada,USA,http://ufcstats.com/event-details/3c241737a6069b9f
235,UFC on FX: Belfort vs. Rockhold,2013-05-18,Jaragua do Sul,Santa Catarina,Brazil,http://ufcstats.com/event-details/030f08370fd1c2bb
234,UFC 159: Jones vs Sonnen,2013-04-27,Newark,New Jersey,USA,http://ufcstats.com/event-details/ea0ad155451ed1f5
233,UFC on FOX: Henderson vs Melendez,2013-04-20,San Jose,California,USA,http://ufcstats.com/event-details/aa79d5399571068e
232,The Ultimate Fighter: Team Jones vs. Team Sonnen Finale,2013-04-13,Las Vegas,Nevada,USA,http://ufcstats.com/event-details/ce47f49e5c386a9c
231,UFC on FUEL TV: Mousasi vs Latifi,2013-04-06,Stockholm,,Sweden,http://ufcstats.com/event-details/6291ac0a3726732f
230,UFC 158: St-Pierre vs Diaz,2013-03-16,Montreal,Quebec,Canada,http://ufcstats.com/event-details/f1b2a4365799c48b
229,UFC on FUEL TV: Silva vs. Stann,2013-03-02,Saitama,,Japan,http://ufcstats.com/event-details/83c6c3e0f8bde8ee
228,UFC 157: Rousey vs Carmouche,2013-02-23,Anaheim,California,USA,http://ufcstats.com/event-details/09c44b317c98bf96
227,UFC on FUEL TV: Barao vs McDonald,2013-02-16,London,England,United Kingdom,http://ufcstats.com/event-details/4679a38cced7c64a
226,UFC 156: Aldo vs Edgar,2013-02-02,Las Vegas,Nevada,USA,http://ufcstats.com/event-details/601cf40c09090853
225,UFC on FOX: Johnson vs Dodson,2013-01-26,Chicago,Illinois,USA,http://ufcstats.com/event-details/738acab0c6934dd8
224,UFC on FX: Belfort vs Bisping,2013-01-19,Sao Paulo,,Brazil,http://ufcstats.com/event-details/56f4b81ec4db61af
223,UFC 155: Dos Santos vs Velasquez II,2012-12-29,Las Vegas,Nevada,USA,http://ufcstats.com/event-details/c6e6926a81adcd00
222,The Ultimate Fighter: Team Carwin vs. Team Nelson Finale,2012-12-15,Las Vegas,Nevada,USA,http://ufcstats.com/event-details/c6da1c24fe473418
221,UFC on FX: Sotiropoulos vs Pearson,2012-12-14,Gold Coast,Queensland,Australia,http://ufcstats.com/event-details/e8c170a64dc920ac
220,UFC on FOX: Henderson vs Diaz,2012-12-08,Seattle,Washington,USA,http://ufcstats.com/event-details/d1e6a6536ee62517
219,UFC 154: St-Pierre vs Condit,2012-11-17,Montreal,Quebec,Canada,http://ufcstats.com/event-details/d41937647eae9a34
218,UFC Macao: Franklin vs Le,2012-11-10,Macau,,China,http://ufcstats.com/event-details/319fa1bd3176bded
217,UFC 153: Silva vs Bonnar,2012-10-13,Rio de Janeiro,,Brazil,http://ufcstats.com/event-details/96d173b7f92aa520
216,UFC on FX: Browne vs Bigfoot,2012-10-05,Minneapolis,Minnesota,USA,http://ufcstats.com/event-details/6a0b80a24f22e152
215,UFC on FUEL TV: Struve vs Miocic,2012-09-29,Nottingham,England,United Kingdom,http://ufcstats.com/event-details/6cbb7661c3258617
214,UFC 152: Jones vs Belfort,2012-09-22,Toronto,Ontario,Canada,http://ufcstats.com/event-details/53e533db1b8e9712
213,UFC 150: Henderson vs Edgar II,2012-08-11,Denver,Colorado,USA,http://ufcstats.com/event-details/3c48019bc387b80c
212,UFC on FOX: Shogun vs Vera,2012-08-04,Los Angeles,California,USA,http://ufcstats.com/event-details/f62850b3c7480db9
211,UFC 149: Faber vs Barao,2012-07-21,Calgary,Alberta,Canada,http://ufcstats.com/event-details/abbc4fc02e0d84b3
210,UFC on FUEL TV: Munoz vs Weidman,2012-07-11,San Jose,California,USA,http://ufcstats.com/event-details/d3b5ad3b15a64a18
209,UFC 148: Silva vs Sonnen 2,2012-07-07,Las Vegas,Nevada,USA,http://ufcstats.com/event-details/e8efeb9cf33b1941
208,UFC 147: Silva vs Franklin 2,2012-06-23,Belo Horizonte,Minas Gerais,Brazil,http://ufcstats.com/event-details/3da19339ee7051d5
207,UFC on FX: Maynard vs Guida,2012-06-22,Atlantic City,New Jersey,USA,http://ufcstats.com/event-details/505934897b8b4824
206,UFC on FX: Johnson vs McCall,2012-06-08,Sunrise,Florida,USA,http://ufcstats.com/event-details/49590e0508b2c19f
205,The Ultimate Fighter: Live Finale,2012-06-01,Las Vegas,Nevada,USA,http://ufcstats.com/event-details/96087e90d900f0ef
204,UFC 146: Dos Santos vs Mir,2012-05-26,Las Vegas,Nevada,USA,http://ufcstats.com/event-details/4985113c0928aa62
203,UFC on FUEL TV: Korean Zombie vs Poirier,2012-05-15,Fairfax,Virginia,USA,http://ufcstats.com/event-details/8caca5857ce0e30b
202,UFC on FOX: Diaz vs Miller,2012-05-05,East Rutherford,New Jersey,USA,http://ufcstats.com/event-details/5898357a45a73674
201,UFC 145: Jones vs Evans,2012-04-21,Atlanta,Georgia,USA,http://ufcstats.com/event-details/155bfc7ed36622df
200,UFC on FUEL TV: Gustafsson vs Silva,2012-04-14,Stockholm,,Sweden,http://ufcstats.com/event-details/21f2974fd08085e3
199,UFC on FX: Alves vs Kampmann,2012-03-02,Sydney,New South Wales,Australia,http://ufcstats.com/event-details/b5ea750025697880
198,UFC 144: Edgar vs Henderson,2012-02-25,Saitama,,Japan,http://ufcstats.com/event-details/8377c5572cb356f3
197,UFC on FUEL TV: Sanchez vs Ellenberger,2012-02-15,Omaha,Nebraska,USA,http://ufcstats.com/event-details/0a97691039c4bbfb
196,UFC 143: Diaz vs Condit,2012-02-04,Las Vegas,Nevada,USA,http://ufcstats.com/event-details/df2cf66d8c0123db
195,UFC on FOX: Evans vs Davis,2012-01-28,Chicago,Illinois,USA,http://ufcstats.com/event-details/c3c23c99477c041b
194,UFC on FX: Guillard vs Miller,2012-01-20,Nashville,Tennessee,USA,http://ufcstats.com/event-details/4d74641fac830182
193,UFC 142: Aldo vs Mendes,2012-01-14,Rio de Janeiro,,Brazil,http://ufcstats.com/event-details/18524b46c570730b
192,UFC 141: Lesnar vs Overeem,2011-12-30,Las Vegas,Nevada,USA,http://ufcstats.com/event-details/91720876db0ee468
191,UFC 140: Jones vs Machida,2011-12-10,Toronto,Ontario,Canada,http://ufcstats.com/event-details/6d7886b094b471ac
190,The Ultimate Fighter: Team Bisping vs Team Miller Finale,2011-12-03,Las Vegas,Nevada,USA,http://ufcstats.com/event-details/1f5f75658551f2d3
189,UFC 139: Shogun vs Henderson,2011-11-19,San Jose,California,USA,http://ufcstats.com/event-details/0ec821423baa26bd
188,UFC on FOX: Velasquez vs Dos Santos,2011-11-12,Anaheim,California,USA,http://ufcstats.com/event-details/1c061eb6e29eaa0a
187,UFC 138: Leben vs Munoz,2011-11-05,Birmingham,England,United Kingdom,http://ufcstats.com/event-details/e780ccc79a209985
186,UFC 137: Penn vs Diaz,2011-10-29,Las Vegas,Nevada,USA,http://ufcstats.com/event-details/8788beb528894f33
185,UFC 136: Edgar vs Maynard 3,2011-10-08,Houston,Texas,USA,http://ufcstats.com/event-details/7d5b12de1625984e
184,UFC Live: Cruz vs Johnson,2011-10-01,Washington,DC,USA,http://ufcstats.com/event-details/44f9c777fed7ca03
183,UFC 135: Jones vs Rampage,2011-09-24,Denver,Colorado,USA,http://ufcstats.com/event-details/73ef22f25d0f70e2
182,UFC Fight Night: Shields vs Ellenberger,2011-09-17,New Orleans,Louisiana,USA,http://ufcstats.com/event-details/1ffc38f67785797b
181,UFC 134: Silva vs Okami,2011-08-27,Rio de Janeiro,,Brazil,http://ufcstats.com/event-details/18968f97ad34f15c
180,UFC Live: Hardy vs Lytle,2011-08-14,Milwaukee,Wisconsin,USA,http://ufcstats.com/event-details/4c8d6fde2dde07c4
179,UFC 133: Evans vs Ortiz 2,2011-08-06,Philadelphia,Pennsylvania,USA,http://ufcstats.com/event-details/f1f9e48a0d150757
178,UFC 132: Cruz vs Faber,2011-07-02,Las Vegas,Nevada,USA,http://ufcstats.com/event-details/83fd97284f4bb4a4
177,UFC Live: Kongo vs Barry,2011-06-26,Pittsburgh,Pennsylvania,USA,http://ufcstats.com/event-details/d023ae89a2a4a41e
176,UFC 131: Dos Santos vs Carwin,2011-06-11,Vancouver,British Columbia,Canada,http://ufcstats.com/event-details/aac5ac38148f0528
175,The Ultimate Fighter: Team Lesnar vs Team dos Santos Finale,2011-06-04,Las Vegas,Nevada,USA,http://ufcstats.com/event-details/3ba3b5cc94498437
174,UFC 130: Rampage vs Hamill,2011-05-28,Las Vegas,Nevada,USA,http://ufcstats.com/event-details/b732b326c362fb62
173,UFC 129: St-Pierre vs Shields,2011-04-30,Toronto,Ontario,Canada,http://ufcstats.com/event-details/2db7fa8db6bc9632
172,UFC Fight Night: Nogueira vs Davis,2011-03-26,Seattle,Washington,USA,http://ufcstats.com/event-details/8a59d346dc976a10
171,UFC 128: Shogun vs Jones,2011-03-19,Newark,New Jersey,USA,http://ufcstats.com/event-details/1411c630ba711b64
170,UFC Live: Sanchez vs Kampmann,2011-03-03,Louisville,Kentucky,USA,http://ufcstats.com/event-details/a54fc2d6fc224dc3
169,UFC 127: Penn vs Fitch,2011-02-26,Sydney,New South Wales,Australia,http://ufcstats.com/event-details/88a9bc81271ccd89
168,UFC 126: Silva vs Belfort,2011-02-05,Las Vegas,Nevada,USA,http://ufcstats.com/event-details/65ddc8a9ac4e8531
167,UFC Fight Night: Fight for the Troops 2,2011-01-22,Killeen,Texas,USA,http://ufcstats.com/event-details/282fa667ff9c51ed
166,UFC 125: Resolution,2011-01-01,Las Vegas,Nevada,USA,http://ufcstats.com/event-details/d1152823307d7e7c
165,UFC 124: St-Pierre vs Koscheck 2,2010-12-11,Montreal,Quebec,Canada,http://ufcstats.com/event-details/132f860d02953f4c
164,The Ultimate Fighter: Team GSP vs Team Koscheck Finale,2010-12-04,Las Vegas,Nevada,USA,http://ufcstats.com/event-details/5d7bdab5e03e3216
163,UFC 123: Rampage vs Machida,2010-11-20,Auburn Hills,Michigan,USA,http://ufcstats.com/event-details/dd992d569aaebee6
162,UFC 122: Marquardt vs Okami,2010-11-13,Oberhausen,North Rhine-Westphalia,Germany,http://ufcstats.com/event-details/0ff11cc094e887bc
161,UFC 121: Lesnar vs Velasquez,2010-10-23,Anaheim,California,USA,http://ufcstats.com/event-details/afdb76fbd86f6d11
160,UFC 120: Bisping vs Akiyama,2010-10-16,London,England,United Kingdom,http://ufcstats.com/event-details/d512d9f204059f57
159,UFC 119: Mir vs Cro Cop,2010-09-25,Indianapolis,Indiana,USA,http://ufcstats.com/event-details/ad32471f01e7b1a5
158,UFC Fight Night: Marquardt vs Palhares,2010-09-15,Austin,Texas,USA,http://ufcstats.com/event-details/acff437707625fc7
157,UFC 118: Edgar vs Penn 2,2010-08-28,Boston,Massachusetts,USA,http://ufcstats.com/event-details/054defd5420a551f
156,UFC 117: Silva vs Sonnen,2010-08-07,Oakland,California,USA,http://ufcstats.com/event-details/2f3f12002564bb55
155,UFC Live: Jones vs Matyushenko,2010-08-01,San Diego,California,USA,http://ufcstats.com/event-details/f12f979b657ab876
154,UFC 116: Lesnar vs Carwin,2010-07-03,Las Vegas,Nevada,USA,http://ufcstats.com/event-details/140745cbbcb023ac
153,The Ultimate Fighter: Team Liddell vs Team Ortiz Finale,2010-06-19,Las Vegas,Nevada,USA,http://ufcstats.com/event-details/9bcf8603ceb25680
152,UFC 115: Liddell vs Franklin,2010-06-12,Vancouver,British Columbia,Canada,http://ufcstats.com/event-details/cfb65863d5099327
151,UFC 114: Rampage vs Evans,2010-05-29,Las Vegas,Nevada,USA,http://ufcstats.com/event-details/bfc2fc38a0e20211
150,UFC 113: Machida vs Shogun 2,2010-05-08,Montreal,Quebec,Canada,http://ufcstats.com/event-details/d0c29452d3272603
149,UFC 112: Invincible,2010-04-10,Abu Dhabi,,United Arab Emirates,http://ufcstats.com/event-details/24b033b3daf1c9df
148,UFC Fight Night: Florian vs Gomi,2010-03-31,Charlotte,North Carolina,USA,http://ufcstats.com/event-details/3ed134d85dfbd7b4
147,UFC 111: St-Pierre vs Hardy,2010-03-27,Newark,New Jersey,USA,http://ufcstats.com/event-details/c80095f6092271a7
146,UFC Live: Vera vs Jones,2010-03-21,Broomfield,Colorado,USA,http://ufcstats.com/event-details/3795fca327cbcf23
145,UFC 110: Nogueira vs Velasquez,2010-02-20,Sydney,New South Wales,Australia,http://ufcstats.com/event-details/49efbdc6c9f650c4
144,UFC 109: Relentless,2010-02-06,Las Vegas,Nevada,USA,http://ufcstats.com/event-details/15edcf67ccf5be84
143,UFC Fight Night: Maynard vs Diaz,2010-01-11,Fairfax,Virginia,USA,http://ufcstats.com/event-details/58bc81376286b3d3
142,UFC 108: Evans vs Silva,2010-01-02,Las Vegas,Nevada,USA,http://ufcstats.com/event-details/a6d8bfe9e0c8153b
141,UFC 107: Penn vs Sanchez,2009-12-12,Memphis,Tennessee,USA,http://ufcstats.com/event-details/821cd80aab70d5f9
140,The Ultimate Fighter: Heavyweights Finale,2009-12-05,Las Vegas,Nevada,USA,http://ufcstats.com/event-details/91d73ee59347ac16
139,UFC 106: Ortiz vs Griffin 2,2009-11-21,Las Vegas,Nevada,USA,http://ufcstats.com/event-details/84a067c46306a737
138,UFC 105: Couture vs Vera,2009-11-14,Manchester,England,United Kingdom,http://ufcstats.com/event-details/fa8b9e6b0c2269f8
137,UFC 104: Machida vs Shogun,2009-10-24,Los Angeles,California,USA,http://ufcstats.com/event-details/7c0847d3854a95f2
136,UFC 103: Franklin vs Belfort,2009-09-19,Dallas,Texas,USA,http://ufcstats.com/event-details/896c322f56b8be5a
135,UFC Fight Night: Diaz vs Guillard,2009-09-16,Oklahoma City,Oklahoma,USA,http://ufcstats.com/event-details/a8ea84cbe1655f0a
134,UFC 102: Couture vs Nogueira,2009-08-29,Portland,Oregon,USA,http://ufcstats.com/event-details/c6a33ff198aaaeeb
133,UFC 101: Declaration,2009-08-08,Philadelphia,Pennsylvania,USA,http://ufcstats.com/event-details/48d1f690b763934c
132,UFC 100,2009-07-11,Las Vegas,Nevada,USA,http://ufcstats.com/event-details/0ee783aa00e468f0
131,The Ultimate Fighter: United States vs. United Kingdom Finale,2009-06-20,Las Vegas,Nevada,USA,http://ufcstats.com/event-details/4908c5ee68a50ee5
130,UFC 99: The Comeback,2009-06-13,Cologne,North Rhine-Westphalia,Germany,http://ufcstats.com/event-details/cb6783c39c01d896
129,UFC 98: Evans vs Machida,2009-05-23,Las Vegas,Nevada,USA,http://ufcstats.com/event-details/c4b6099f0d25f75e
128,UFC 97: Redemption,2009-04-18,Montreal,Quebec,Canada,http://ufcstats.com/event-details/1652f3213655b935
127,UFC Fight Night: Condit vs Kampmann,2009-04-01,Nashville,Tennessee,USA,http://ufcstats.com/event-details/04d5718ed2661e8c
126,UFC 96: Jackson vs Jardine,2009-03-07,Columbus,Ohio,USA,http://ufcstats.com/event-details/29b5791e51e7e832
125,UFC 95: Sanchez vs Stevenson,2009-02-21,London,England,United Kingdom,http://ufcstats.com/event-details/7d21de9c6d7c98b2
124,UFC Fight Night: Lauzon vs Stephens,2009-02-07,Tampa,Florida,USA,http://ufcstats.com/event-details/d1759b2b7be9be56
123,UFC 94: St-Pierre vs Penn 2,2009-01-31,Las Vegas,Nevada,USA,http://ufcstats.com/event-details/2a542ee8a8b83559
122,UFC 93: Franklin vs Henderson,2009-01-17,Dublin,Leinster,Ireland,http://ufcstats.com/event-details/68c6cd5287b473a7
121,UFC 92: The Ultimate 2008,2008-12-27,Las Vegas,Nevada,USA,http://ufcstats.com/event-details/23ab42947c1990e3
120,The Ultimate Fighter: Team Nogueira vs. Team Mir Finale,2008-12-13,Las Vegas,Nevada,USA,http://ufcstats.com/event-details/ea398c802d9998ee
119,UFC Fight Night - Fight for the Troops,2008-12-10,Fayetteville,North Carolina,USA,http://ufcstats.com/event-details/30cd319d39ee689b
118,UFC 91: Couture vs Lesnar,2008-11-15,Las Vegas,Nevada,USA,http://ufcstats.com/event-details/a2b06ca02bca14c0
117,UFC 90: Silva vs Cote,2008-10-25,Rosemont,Illinois,USA,http://ufcstats.com/event-details/c670aa48827d6be6
116,UFC 89: Bisping vs Leben,2008-10-18,Birmingham,England,United Kingdom,http://ufcstats.com/event-details/312f47c3d2f83ffa
115,UFC Fight Night: Diaz vs Neer,2008-09-17,Omaha,Nebraska,USA,http://ufcstats.com/event-details/279093302a6f44b3
114,UFC 88: Breakthrough,2008-09-06,Atlanta,Georgia,USA,http://ufcstats.com/event-details/0db70ca89e1c7374
113,UFC 87: Seek And Destroy,2008-08-09,Minneapolis,Minnesota,USA,http://ufcstats.com/event-details/19ffeb5e3fffd6d5
112,UFC: Silva vs Irvin,2008-07-19,Las Vegas,Nevada,USA,http://ufcstats.com/event-details/46f11d15c0134fe3
111,UFC 86: Jackson vs Griffin,2008-07-05,Las Vegas,Nevada,USA,http://ufcstats.com/event-details/bf12aca029bfcc47
110,The Ultimate Fighter: Team Rampage vs Team Forrest Finale,2008-06-21,Las Vegas,Nevada,USA,http://ufcstats.com/event-details/2299605af59fd309
109,UFC 85: Bedlam,2008-06-07,London,England,United Kingdom,http://ufcstats.com/event-details/2efbc83a6b9b7f86
108,UFC 84: Ill Will,2008-05-24,Las Vegas,Nevada,USA,http://ufcstats.com/event-details/2549d63da9c456cb
107,UFC 83: Serra vs St-Pierre 2,2008-04-19,Montreal,Quebec,Canada,http://ufcstats.com/event-details/ad047e3073a775f3
106,UFC Fight Night: Florian vs Lauzon,2008-04-02,Broomfield,Colorado,USA,http://ufcstats.com/event-details/b9e871af730f826c
105,UFC 82: Pride of a Champion,2008-03-01,Columbus,Ohio,USA,http://ufcstats.com/event-details/598a58db87b890ee
104,UFC 81: Breaking Point,2008-02-02,Las Vegas,Nevada,USA,http://ufcstats.com/event-details/597db668b01c442c
103,UFC Fight Night: Swick vs Burkman,2008-01-23,Las Vegas,Nevada,USA,http://ufcstats.com/event-details/33e33d51f289d2a1
102,UFC 80: Rapid Fire,2008-01-19,Newcastle,England,United Kingdom,http://ufcstats.com/event-details/a24e080000fa7a35
101,UFC 79: Nemesis,2007-12-29,Las Vegas,Nevada,USA,http://ufcstats.com/event-details/7269329bd87eb479
100,The Ultimate Fighter: Team Hughes vs. Team Serra Finale,2007-12-08,Las Vegas,Nevada,USA,http://ufcstats.com/event-details/df85d6ec3493d120
99,UFC 78: Validation,2007-11-17,Newark,New Jersey,USA,http://ufcstats.com/event-details/1d147d4163a6989b
98,UFC 77: Hostile Territory,2007-10-20,Cincinnati,Ohio,USA,http://ufcstats.com/event-details/91181b29be041f1c
97,UFC 76: Knockout,2007-09-22,Anaheim,California,USA,http://ufcstats.com/event-details/bad28b7b34f334de
96,UFC Fight Night: Thomas vs Florian,2007-09-19,Las Vegas,Nevada,USA,http://ufcstats.com/event-details/f341f9551ba744e2
95,UFC 75: Champion vs Champion,2007-09-08,London,England,United Kingdom,http://ufcstats.com/event-details/0aa92558424ced9e
94,UFC 74: Respect,2007-08-25,Las Vegas,Nevada,USA,http://ufcstats.com/event-details/a5c53b3ddb31cc7d
93,UFC 73: Stacked,2007-07-07,Sacramento,California,USA,http://ufcstats.com/event-details/2a6f8136da1e52c0
92,The Ultimate Fighter: Team Pulver vs. Team Penn Finale,2007-06-23,Las Vegas,Nevada,USA,http://ufcstats.com/event-details/e7ec11096eac0282
91,UFC 72: Victory,2007-06-16,Belfast,Northern Ireland,United Kingdom,http://ufcstats.com/event-details/5ca158b1cc9cb242
90,UFC Fight Night: Stout vs Fisher,2007-06-12,Hollywood,Florida,USA,http://ufcstats.com/event-details/304fcd812f12c589
89,UFC 71: Liddell vs Jackson,2007-05-26,Las Vegas,Nevada,USA,http://ufcstats.com/event-details/2e04a3b4a2011b97
88,UFC 70: Nations Collide,2007-04-21,Manchester,England,United Kingdom,http://ufcstats.com/event-details/4604ab1de9058474
87,UFC 69: Shootout,2007-04-07,Houston,Texas,USA,http://ufcstats.com/event-details/c1684f00c626f4c0
86,UFC Fight Night: Stevenson vs Guillard,2007-04-05,Las Vegas,Nevada,USA,http://ufcstats.com/event-details/a6c2f5381d575920
85,UFC 68: The Uprising,2007-03-03,Columbus,Ohio,USA,http://ufcstats.com/event-details/de3ed2e152520c8d
84,UFC 67: All or Nothing,2007-02-03,Las Vegas,Nevada,USA,http://ufcstats.com/event-details/63b65af1c5cb02cb
83,UFC Fight Night: Evans vs Salmon,2007-01-25,Hollywood,Florida,USA,http://ufcstats.com/event-details/13c4313ed0f744f3
82,UFC 66: Liddell vs Ortiz 2,2006-12-30,Las Vegas,Nevada,USA,http://ufcstats.com/event-details/ee5df903f80c6816
81,UFC Fight Night: Sanchez vs Riggs,2006-12-13,San Diego,California,USA,http://ufcstats.com/event-details/21b8a0f5c231096f
80,UFC 65: Bad Intentions,2006-11-18,Sacramento,California,USA,http://ufcstats.com/event-details/3fed746acfd026dd
79,The Ultimate Fighter: The Comeback Finale,2006-11-11,Las Vegas,Nevada,USA,http://ufcstats.com/event-details/baf942f4bcb09894
78,UFC 64: Unstoppable,2006-10-14,Las Vegas,Nevada,USA,http://ufcstats.com/event-details/13b2f59210dda9cc
77,Ortiz vs Shamrock 3: The Final Chapter,2006-10-10,Hollywood,Florida,USA,http://ufcstats.com/event-details/577ec7e108b94be3
76,UFC 63: Hughes vs Penn,2006-09-23,Anaheim,California,USA,http://ufcstats.com/event-details/13e62d766b709aa6
75,UFC 62: Liddell vs Sobral,2006-08-26,Las Vegas,Nevada,USA,http://ufcstats.com/event-details/f717b6002486f73f
74,UFC Fight Night 6,2006-08-17,Las Vegas,Nevada,USA,http://ufcstats.com/event-details/46c8ec317aff28ac
73,UFC 61: Bitter Rivals,2006-07-08,Las Vegas,Nevada,USA,http://ufcstats.com/event-details/f70144caea5c4c80
72,UFC Fight Night 5,2006-06-28,Las Vegas,Nevada,USA,http://ufcstats.com/event-details/445a98acb8985970
71,The Ultimate Fighter: Team Ortiz vs. Team Shamrock Finale,2006-06-24,Las Vegas,Nevada,USA,http://ufcstats.com/event-details/1dab0d1d81dd06db
70,UFC 60: Hughes vs Gracie,2006-05-27,Los Angeles,California,USA,http://ufcstats.com/event-details/a54a35a670d8e852
69,UFC 59: Reality Check,2006-04-15,Anaheim,California,USA,http://ufcstats.com/event-details/03688dc3c3af3ac1
68,UFC Fight Night 4,2006-04-06,Las Vegas,Nevada,USA,http://ufcstats.com/event-details/b361180739bed4b0
67,UFC 58: USA vs Canada,2006-03-04,Las Vegas,Nevada,USA,http://ufcstats.com/event-details/0e9869d712e81f8f
66,UFC 57: Liddell vs Couture 3,2006-02-04,Las Vegas,Nevada,USA,http://ufcstats.com/event-details/977081bc01197656
65,UFC Fight Night 3,2006-01-16,Las Vegas,Nevada,USA,http://ufcstats.com/event-details/2ee09ec2a0695eb9
64,UFC 56: Full Force,2005-11-19,Las Vegas,Nevada,USA,http://ufcstats.com/event-details/c7e9d15cfce52f1d
63,The Ultimate Fighter: Team Hughes vs. Team Franklin Finale,2005-11-05,Las Vegas,Nevada,USA,http://ufcstats.com/event-details/31ceaf0e670c1578
62,UFC 55: Fury,2005-10-07,Uncasville,Connecticut,USA,http://ufcstats.com/event-details/271fe91f4ba9d2c5
61,UFC Fight Night 2,2005-10-03,Las Vegas,Nevada,USA,http://ufcstats.com/event-details/efaf544314bb5c2e
60,UFC 54: Boiling Point,2005-08-20,Las Vegas,Nevada,USA,http://ufcstats.com/event-details/669a3cb6e394f515
59,UFC Fight Night 1,2005-08-06,Las Vegas,Nevada,USA,http://ufcstats.com/event-details/3f24c96753dbd9f9
58,UFC 53: Heavy Hitters,2005-06-04,Atlantic City,New Jersey,USA,http://ufcstats.com/event-details/d3711d3784b76255
57,UFC 52: Couture vs Liddell 2,2005-04-16,Las Vegas,Nevada,USA,http://ufcstats.com/event-details/c933d423ebdbbbdb
56,The Ultimate Fighter: Team Couture vs. Team Liddell Finale,2005-04-09,Las Vegas,Nevada,USA,http://ufcstats.com/event-details/fbbde91f7bc2d3c5
55,UFC 51: Super Saturday,2005-02-05,Las Vegas,Nevada,USA,http://ufcstats.com/event-details/85d905f7c4f5a1af
54,UFC 50: The War Of '04,2004-10-22,Atlantic City,New Jersey,USA,http://ufcstats.com/event-details/ce783bf73b5131f9
53,UFC 49: Unfinished Business,2004-08-21,Las Vegas,Nevada,USA,http://ufcstats.com/event-details/b4bc2e3353a770b5
52,UFC 48: Payback,2004-06-19,Las Vegas,Nevada,USA,http://ufcstats.com/event-details/429e7d3725852ce9
51,UFC 47: It's On!,2004-04-02,Las Vegas,Nevada,USA,http://ufcstats.com/event-details/e8fb8e53bc2e29d6
50,UFC 46: Supernatural,2004-01-31,Las Vegas,Nevada,USA,http://ufcstats.com/event-details/94609dd91731d428
49,UFC 45: Revolution,2003-11-21,Uncasville,Connecticut,USA,http://ufcstats.com/event-details/e670f8cc2969a789
48,UFC 44: Undisputed,2003-09-26,Las Vegas,Nevada,USA,http://ufcstats.com/event-details/c61f66d8c3fd5f07
47,UFC 43: Meltdown,2003-06-06,Las Vegas,Nevada,USA,http://ufcstats.com/event-details/108afe61a26bcbf4
46,UFC 42: Sudden Impact,2003-04-25,Miami,Florida,USA,http://ufcstats.com/event-details/ae58685caf8e4a0d
45,UFC 41: Onslaught,2003-02-28,Atlantic City,New Jersey,USA,http://ufcstats.com/event-details/bba678d312590087
44,UFC 40: Vendetta,2002-11-22,Las Vegas,Nevada,USA,http://ufcstats.com/event-details/e06fd1260ac865a7
43,UFC 39: The Warriors Return,2002-09-27,Uncasville,Connecticut,USA,http://ufcstats.com/event-details/0cf935519d439ba6
42,UFC 38: Brawl at the Hall,2002-07-13,London,England,United Kingdom,http://ufcstats.com/event-details/1dc56b59cb28425d
41,UFC 37.5: As Real As It Gets,2002-06-22,Las Vegas,Nevada,USA,http://ufcstats.com/event-details/9ccdd2ce45903f34
40,UFC 37: High Impact,2002-05-10,Bossier City,Louisiana,USA,http://ufcstats.com/event-details/9fd1f08dd4aec14a
39,UFC 36: Worlds Collide,2002-03-22,Las Vegas,Nevada,USA,http://ufcstats.com/event-details/02fc8f50f56eb307
38,UFC 35: Throwdown,2002-01-11,Uncasville,Connecticut,USA,http://ufcstats.com/event-details/946f341df6472ee0
37,UFC 34: High Voltage,2001-11-02,Las Vegas,Nevada,USA,http://ufcstats.com/event-details/4dc496aa0cfc0d95
36,UFC 33: Victory in Vegas,2001-09-28,Las Vegas,Nevada,USA,http://ufcstats.com/event-details/c75b99887c8c3f5a
35,UFC 32: Showdown in the Meadowlands,2001-06-29,East Rutherford,New Jersey,USA,http://ufcstats.com/event-details/7b9aa973e5c04624
34,UFC 31: Locked and Loaded,2001-05-04,Atlantic City,New Jersey,USA,http://ufcstats.com/event-details/20bd6c3e03c46ee6
33,UFC 30: Battle on the Boardwalk,2001-02-23,Atlantic City,New Jersey,USA,http://ufcstats.com/event-details/2b1587a3376ab743
32,UFC 29: Defense of the Belts,2000-12-16,Tokyo,,Japan,http://ufcstats.com/event-details/08ae5cd9aef7ddd3
31,UFC 28: High Stakes,2000-11-17,Atlantic City,New Jersey,USA,http://ufcstats.com/event-details/da6dfd09cca1d705
30,UFC 27: Ultimate Bad Boyz,2000-09-22,New Orleans,Louisiana,USA,http://ufcstats.com/event-details/31652c9267606d54
29,UFC 26: Ultimate Field Of Dreams,2000-06-09,Cedar Rapids,Iowa,USA,http://ufcstats.com/event-details/cedfdf8d423d500c
28,UFC 25: Ultimate Japan 3,2000-04-14,Tokyo,,Japan,http://ufcstats.com/event-details/d2b1c1317a39f6c6
27,UFC 24: First Defense,2000-03-10,Lake Charles,Louisiana,USA,http://ufcstats.com/event-details/20ec0061400178ca
26,UFC 23: Ultimate Japan 2,1999-11-19,Chiba,,Japan,http://ufcstats.com/event-details/a8fa0c4e95512806
25,UFC 22: Only One Can be Champion,1999-09-24,Lake Charles,Louisiana,USA,http://ufcstats.com/event-details/afaad7d6a581e307
24,UFC 21: Return of the Champions,1999-07-16,Cedar Rapids,Iowa,USA,http://ufcstats.com/event-details/1a1a4d7a29041d77
23,UFC 20: Battle for the Gold,1999-05-07,Birmingham,Alabama,USA,http://ufcstats.com/event-details/a7b48e18ca27795d
22,UFC 19: Ultimate Young Guns,1999-03-05,Bay St. Louis,Mississippi,USA,http://ufcstats.com/event-details/a220be6d41d6f97d
21,UFC 18: The Road to the Heavyweight Title,1999-01-08,New Orleans,Louisiana,USA,http://ufcstats.com/event-details/c9bbf1a0285a8076
20,UFC - Ultimate Brazil,1998-10-16,Sao Paulo,,Brazil,http://ufcstats.com/event-details/32a3025d5db456ae
19,UFC 17: Redemption,1998-05-15,Mobile,Alabama,USA,http://ufcstats.com/event-details/4a01dc8376736ef5
18,UFC 16: Battle in the Bayou,1998-03-13,New Orleans,Louisiana,USA,http://ufcstats.com/event-details/749685d24e2cac50
17,UFC - Ultimate Japan,1997-12-21,Yokohama,Kanagawa,Japan,http://ufcstats.com/event-details/29f935654825331b
16,UFC 15: Collision Course,1997-10-17,Bay St. Louis,Mississippi,USA,http://ufcstats.com/event-details/07a18ae55dfc3cd9
15,UFC 14: Showdown,1997-07-27,Birmingham,Alabama,USA,http://ufcstats.com/event-details/dc950d59dc590aca
14,UFC 13: The Ultimate Force,1997-05-30,Augusta,Georgia,USA,http://ufcstats.com/event-details/5bd533d50c8e7b8a
13,UFC 12: Judgement Day,1997-02-07,Dothan,Alabama,USA,http://ufcstats.com/event-details/96eff1a628adcc7f
12,UFC - Ultimate Ultimate '96,1996-12-07,Birmingham,Alabama,USA,http://ufcstats.com/event-details/9b5b5a75523728f3
11,UFC 11: The Proving Ground,1996-09-20,Augusta,Georgia,USA,http://ufcstats.com/event-details/6ceff86fae4f6b3b
10,UFC 10: The Tournament,1996-07-12,Birmingham,Alabama,USA,http://ufcstats.com/event-details/aee8eecfc4bfb1e7
9,UFC 9: Motor City Madness,1996-05-17,Detroit,Michigan,USA,http://ufcstats.com/event-details/a390eb8a9b2df298
8,UFC 8: David vs Goliath,1996-02-16,San Juan,,Puerto Rico,http://ufcstats.com/event-details/b63e800c18e011b5
7,UFC - Ultimate Ultimate '95,1995-12-16,Denver,Colorado,USA,http://ufcstats.com/event-details/31bbd46d57dfbcb7
6,UFC 7: The Brawl in Buffalo,1995-09-08,Buffalo,New York,USA,http://ufcstats.com/event-details/5af480a3b2e1726b
5,UFC 6: Clash of the Titans,1995-07-14,Casper,Wyoming,USA,http://ufcstats.com/event-details/1c3f5e85b59ec710
4,UFC 5: The Return of the Beast,1995-04-07,Charlotte,North Carolina,USA,http://ufcstats.com/event-details/dedc3bb440d09554
3,UFC 4: Revenge of the Warriors,1994-12-16,Tulsa,Oklahoma,USA,http://ufcstats.com/event-details/b60391da771deefe
2,UFC 3: The American Dream,1994-09-09,Charlotte,North Carolina,USA,http://ufcstats.com/event-details/1a49e0670dfaca31
1,UFC 2: No Way Out,1994-03-11,Denver,Colorado,USA,http://ufcstats.com/event-details/a6a9ab5a824e8f66
